theta,A2,a,b,z,status
55.0,-10.0,5.4,9.3,-1.0,NotYet
55.0,-10.0,5.4,9.3,-0.8,NotYet
55.0,-10.0,5.4,9.2,-0.6,NotYet
55.0,-10.0,5.4,9.2,-0.4,NotYet
55.0,-10.0,5.4,9.1,-0.2,NotYet
55.0,-10.0,5.4,9.1,0.0,NotYet
55.0,-10.0,5.4,9.0,0.2,NotYet
55.0,-10.0,5.4,9.0,0.4,NotYet
55.0,-10.0,5.4,9.0,0.6,NotYet
55.0,-10.0,5.4,9.0,0.8,NotYet
55.0,-10.0,5.4,9.0,1.0,NotYet
55.0,-8.0,5.4,9.1,-1.0,NotYet
55.0,-8.0,5.4,9.1,-0.8,NotYet
55.0,-8.0,5.4,9.0,-0.6,NotYet
55.0,-8.0,5.4,9.0,-0.4,NotYet
55.0,-8.0,5.4,9.0,-0.2,NotYet
55.0,-8.0,5.3,9.0,0.0,NotYet
55.0,-8.0,5.3,9.0,0.2,NotYet
55.0,-8.0,5.3,9.0,0.4,NotYet
55.0,-8.0,5.3,9.0,0.6,NotYet
55.0,-8.0,5.4,8.9,0.8,NotYet
55.0,-8.0,5.4,8.9,1.0,NotYet
55.0,-6.0,5.4,8.9,-1.0,NotYet
55.0,-6.0,5.4,8.9,-0.8,NotYet
55.0,-6.0,5.4,8.9,-0.6,NotYet
55.0,-6.0,5.4,8.9,-0.4,NotYet
55.0,-6.0,5.3,8.9,-0.2,NotYet
55.0,-6.0,5.3,8.9,0.0,NotYet
55.0,-6.0,5.3,8.9,0.2,NotYet
55.0,-6.0,5.4,8.8,0.4,NotYet
55.0,-6.0,5.4,8.9,0.6,NotYet
55.0,-6.0,5.4,8.9,0.8,NotYet
55.0,-6.0,5.4,8.9,1.0,NotYet
55.0,-4.0,5.4,8.8,-1.0,NotYet
55.0,-4.0,5.4,8.8,-0.8,NotYet
55.0,-4.0,5.4,8.8,-0.6,NotYet
55.0,-4.0,5.4,8.8,-0.4,NotYet
55.0,-4.0,5.4,8.8,-0.2,NotYet
55.0,-4.0,5.4,8.8,0.0,NotYet
55.0,-4.0,5.4,8.8,0.2,NotYet
55.0,-4.0,5.4,8.8,0.4,NotYet
55.0,-4.0,5.4,8.8,0.6,NotYet
55.0,-4.0,5.4,8.8,0.8,NotYet
55.0,-4.0,5.4,8.8,1.0,NotYet
55.0,-2.0,5.4,8.8,-1.0,NotYet
55.0,-2.0,5.4,8.8,-0.8,NotYet
55.0,-2.0,5.4,8.8,-0.6,NotYet
55.0,-2.0,5.4,8.8,-0.4,NotYet
55.0,-2.0,5.4,8.8,-0.2,NotYet
55.0,-2.0,5.4,8.8,0.0,NotYet
55.0,-2.0,5.4,8.8,0.2,NotYet
55.0,-2.0,5.4,8.8,0.4,NotYet
55.0,-2.0,5.4,8.8,0.6,NotYet
55.0,-2.0,5.5,8.7,0.8,NotYet
55.0,-2.0,5.5,8.8,1.0,NotYet
55.0,0.0,5.4,8.8,-1.0,NotYet
55.0,0.0,5.4,8.8,-0.8,NotYet
55.0,0.0,5.4,8.8,-0.6,NotYet
55.0,0.0,5.4,8.8,-0.4,NotYet
55.0,0.0,5.4,8.8,-0.2,NotYet
55.0,0.0,5.4,8.8,0.0,NotYet
55.0,0.0,5.5,8.7,0.2,NotYet
55.0,0.0,5.5,8.8,0.4,NotYet
55.0,0.0,5.5,8.8,0.6,NotYet
55.0,0.0,5.5,8.8,0.8,NotYet
55.0,0.0,5.5,8.8,1.0,NotYet
55.0,2.0,5.5,8.8,-1.0,NotYet
55.0,2.0,5.5,8.8,-0.8,NotYet
55.0,2.0,5.5,8.8,-0.6,NotYet
55.0,2.0,5.5,8.8,-0.4,NotYet
55.0,2.0,5.5,8.8,-0.2,NotYet
55.0,2.0,5.5,8.8,0.0,NotYet
55.0,2.0,5.5,8.8,0.2,NotYet
55.0,2.0,5.5,8.8,0.4,NotYet
55.0,2.0,5.6,8.8,0.6,NotYet
55.0,2.0,5.6,8.8,0.8,NotYet
55.0,2.0,5.6,8.8,1.0,NotYet
55.0,4.0,5.5,8.9,-1.0,NotYet
55.0,4.0,5.5,8.9,-0.8,NotYet
55.0,4.0,5.5,8.9,-0.6,NotYet
55.0,4.0,5.5,8.9,-0.4,NotYet
55.0,4.0,5.5,8.9,-0.2,NotYet
55.0,4.0,5.6,8.9,0.0,NotYet
55.0,4.0,5.6,8.9,0.2,NotYet
55.0,4.0,5.6,8.9,0.4,NotYet
55.0,4.0,5.6,8.9,0.6,NotYet
55.0,4.0,5.6,8.9,0.8,NotYet
55.0,4.0,5.6,8.9,1.0,NotYet
55.0,6.0,5.5,9.0,-1.0,NotYet
55.0,6.0,5.5,9.0,-0.8,NotYet
55.0,6.0,5.5,9.0,-0.6,NotYet
55.0,6.0,5.6,9.0,-0.4,NotYet
55.0,6.0,5.6,9.0,-0.2,NotYet
55.0,6.0,5.6,9.0,0.0,NotYet
55.0,6.0,5.6,9.1,0.2,NotYet
55.0,6.0,5.6,9.1,0.4,NotYet
55.0,6.0,5.6,9.1,0.6,NotYet
55.0,6.0,5.7,9.0,0.8,NotYet
55.0,6.0,5.6,9.0,1.0,NotYet
55.0,8.0,5.6,9.0,-1.0,NotYet
55.0,8.0,5.6,9.1,-0.8,NotYet
55.0,8.0,5.6,9.1,-0.6,NotYet
55.0,8.0,5.6,9.1,-0.4,NotYet
55.0,8.0,5.6,9.2,-0.2,NotYet
55.0,8.0,5.6,9.2,0.0,NotYet
55.0,8.0,5.7,9.2,0.2,NotYet
55.0,8.0,5.7,9.2,0.4,NotYet
55.0,8.0,5.7,9.2,0.6,NotYet
55.0,8.0,5.7,9.1,0.8,NotYet
55.0,8.0,5.7,9.1,1.0,NotYet
55.0,10.0,5.6,9.2,-1.0,NotYet
55.0,10.0,5.6,9.2,-0.8,NotYet
55.0,10.0,5.7,9.2,-0.6,NotYet
55.0,10.0,5.7,9.3,-0.4,NotYet
55.0,10.0,5.7,9.3,-0.2,NotYet
55.0,10.0,5.7,9.3,0.0,NotYet
55.0,10.0,5.7,9.3,0.2,NotYet
55.0,10.0,5.7,9.3,0.4,NotYet
55.0,10.0,5.7,9.3,0.6,NotYet
55.0,10.0,5.7,9.3,0.8,NotYet
55.0,10.0,5.7,9.2,1.0,NotYet
56.0,-10.0,5.5,9.1,-1.0,NotYet
56.0,-10.0,5.5,9.1,-0.8,NotYet
56.0,-10.0,5.5,9.0,-0.6,NotYet
56.0,-10.0,5.5,9.0,-0.4,NotYet
56.0,-10.0,5.5,9.0,-0.2,NotYet
56.0,-10.0,5.4,9.0,0.0,NotYet
56.0,-10.0,5.4,9.0,0.2,NotYet
56.0,-10.0,5.4,8.9,0.4,NotYet
56.0,-10.0,5.4,8.9,0.6,NotYet
56.0,-10.0,5.4,8.9,0.8,NotYet
56.0,-10.0,5.4,8.9,1.0,NotYet
56.0,-8.0,5.5,8.9,-1.0,NotYet
56.0,-8.0,5.5,8.9,-0.8,NotYet
56.0,-8.0,5.5,8.9,-0.6,NotYet
56.0,-8.0,5.4,8.9,-0.4,NotYet
56.0,-8.0,5.4,8.9,-0.2,NotYet
56.0,-8.0,5.4,8.9,0.0,NotYet
56.0,-8.0,5.4,8.8,0.2,NotYet
56.0,-8.0,5.4,8.8,0.4,NotYet
56.0,-8.0,5.4,8.8,0.6,NotYet
56.0,-8.0,5.4,8.8,0.8,NotYet
56.0,-8.0,5.4,8.9,1.0,NotYet
56.0,-6.0,5.5,8.8,-1.0,NotYet
56.0,-6.0,5.5,8.8,-0.8,NotYet
56.0,-6.0,5.4,8.8,-0.6,NotYet
56.0,-6.0,5.4,8.8,-0.4,NotYet
56.0,-6.0,5.4,8.8,-0.2,NotYet
56.0,-6.0,5.4,8.8,0.0,NotYet
56.0,-6.0,5.4,8.8,0.2,NotYet
56.0,-6.0,5.4,8.8,0.4,NotYet
56.0,-6.0,5.4,8.8,0.6,NotYet
56.0,-6.0,5.4,8.8,0.8,NotYet
56.0,-6.0,5.4,8.8,1.0,NotYet
56.0,-4.0,5.5,8.7,-1.0,NotYet
56.0,-4.0,5.5,8.7,-0.8,NotYet
56.0,-4.0,5.4,8.7,-0.6,NotYet
56.0,-4.0,5.4,8.7,-0.4,NotYet
56.0,-4.0,5.4,8.7,-0.2,NotYet
56.0,-4.0,5.4,8.7,0.0,NotYet
56.0,-4.0,5.4,8.7,0.2,NotYet
56.0,-4.0,5.4,8.7,0.4,NotYet
56.0,-4.0,5.5,8.7,0.6,NotYet
56.0,-4.0,5.5,8.7,0.8,NotYet
56.0,-4.0,5.5,8.7,1.0,NotYet
56.0,-2.0,5.5,8.7,-1.0,NotYet
56.0,-2.0,5.5,8.7,-0.8,NotYet
56.0,-2.0,5.5,8.6,-0.6,NotYet
56.0,-2.0,5.5,8.6,-0.4,NotYet
56.0,-2.0,5.5,8.6,-0.2,NotYet
56.0,-2.0,5.5,8.6,0.0,NotYet
56.0,-2.0,5.5,8.6,0.2,NotYet
56.0,-2.0,5.5,8.6,0.4,NotYet
56.0,-2.0,5.5,8.7,0.6,NotYet
56.0,-2.0,5.5,8.7,0.8,NotYet
56.0,-2.0,5.5,8.7,1.0,NotYet
56.0,0.0,5.5,8.7,-1.0,NotYet
56.0,0.0,5.5,8.7,-0.8,NotYet
56.0,0.0,5.5,8.7,-0.6,NotYet
56.0,0.0,5.5,8.7,-0.4,NotYet
56.0,0.0,5.5,8.7,-0.2,NotYet
56.0,0.0,5.5,8.7,0.0,NotYet
56.0,0.0,5.5,8.7,0.2,NotYet
56.0,0.0,5.6,8.6,0.4,NotYet
56.0,0.0,5.6,8.6,0.6,NotYet
56.0,0.0,5.6,8.6,0.8,NotYet
56.0,0.0,5.6,8.6,1.0,NotYet
56.0,2.0,5.5,8.7,-1.0,NotYet
56.0,2.0,5.5,8.7,-0.8,NotYet
56.0,2.0,5.5,8.7,-0.6,NotYet
56.0,2.0,5.6,8.7,-0.4,NotYet
56.0,2.0,5.6,8.7,-0.2,NotYet
56.0,2.0,5.6,8.7,0.0,NotYet
56.0,2.0,5.6,8.7,0.2,NotYet
56.0,2.0,5.6,8.7,0.4,NotYet
56.0,2.0,5.6,8.7,0.6,NotYet
56.0,2.0,5.6,8.7,0.8,NotYet
56.0,2.0,5.6,8.7,1.0,NotYet
56.0,4.0,5.6,8.8,-1.0,NotYet
56.0,4.0,5.6,8.8,-0.8,NotYet
56.0,4.0,5.6,8.8,-0.6,NotYet
56.0,4.0,5.6,8.8,-0.4,NotYet
56.0,4.0,5.6,8.8,-0.2,NotYet
56.0,4.0,5.6,8.8,0.0,NotYet
56.0,4.0,5.7,8.7,0.2,NotYet
56.0,4.0,5.7,8.8,0.4,NotYet
56.0,4.0,5.7,8.8,0.6,NotYet
56.0,4.0,5.7,8.8,0.8,NotYet
56.0,4.0,5.7,8.8,1.0,NotYet
56.0,6.0,5.6,8.9,-1.0,NotYet
56.0,6.0,5.6,8.9,-0.8,NotYet
56.0,6.0,5.7,8.8,-0.6,NotYet
56.0,6.0,5.7,8.8,-0.4,NotYet
56.0,6.0,5.7,8.9,-0.2,NotYet
56.0,6.0,5.7,8.9,0.0,NotYet
56.0,6.0,5.7,8.9,0.2,NotYet
56.0,6.0,5.7,8.9,0.4,NotYet
56.0,6.0,5.7,8.9,0.6,NotYet
56.0,6.0,5.7,8.9,0.8,NotYet
56.0,6.0,5.7,8.9,1.0,NotYet
56.0,8.0,5.7,8.9,-1.0,NotYet
56.0,8.0,5.7,8.9,-0.8,NotYet
56.0,8.0,5.7,9.0,-0.6,NotYet
56.0,8.0,5.7,9.0,-0.4,NotYet
56.0,8.0,5.7,9.0,-0.2,NotYet
56.0,8.0,5.8,9.0,0.0,NotYet
56.0,8.0,5.8,9.0,0.2,NotYet
56.0,8.0,5.8,9.0,0.4,NotYet
56.0,8.0,5.8,9.0,0.6,NotYet
56.0,8.0,5.8,9.0,0.8,NotYet
56.0,8.0,5.8,9.0,1.0,NotYet
56.0,10.0,5.7,9.0,-1.0,NotYet
56.0,10.0,5.7,9.1,-0.8,NotYet
56.0,10.0,5.8,9.1,-0.6,NotYet
56.0,10.0,5.8,9.1,-0.4,NotYet
56.0,10.0,5.8,9.1,-0.2,NotYet
56.0,10.0,5.8,9.2,0.0,NotYet
56.0,10.0,5.8,9.2,0.2,NotYet
56.0,10.0,5.8,9.2,0.4,NotYet
56.0,10.0,5.8,9.1,0.6,NotYet
56.0,10.0,5.8,9.1,0.8,NotYet
56.0,10.0,5.8,9.1,1.0,NotYet
57.0,-10.0,5.6,8.9,-1.0,NotYet
57.0,-10.0,5.6,8.9,-0.8,NotYet
57.0,-10.0,5.6,8.9,-0.6,NotYet
57.0,-10.0,5.5,8.9,-0.4,NotYet
57.0,-10.0,5.5,8.9,-0.2,NotYet
57.0,-10.0,5.5,8.8,0.0,NotYet
57.0,-10.0,5.5,8.8,0.2,NotYet
57.0,-10.0,5.5,8.8,0.4,NotYet
57.0,-10.0,5.5,8.8,0.6,NotYet
57.0,-10.0,5.5,8.8,0.8,NotYet
57.0,-10.0,5.5,8.8,1.0,NotYet
57.0,-8.0,5.6,8.7,-1.0,NotYet
57.0,-8.0,5.5,8.8,-0.8,NotYet
57.0,-8.0,5.5,8.8,-0.6,NotYet
57.0,-8.0,5.5,8.8,-0.4,NotYet
57.0,-8.0,5.5,8.7,-0.2,NotYet
57.0,-8.0,5.5,8.7,0.0,NotYet
57.0,-8.0,5.5,8.7,0.2,NotYet
57.0,-8.0,5.5,8.7,0.4,NotYet
57.0,-8.0,5.5,8.7,0.6,NotYet
57.0,-8.0,5.5,8.7,0.8,NotYet
57.0,-8.0,5.5,8.7,1.0,NotYet
57.0,-6.0,5.5,8.7,-1.0,NotYet
57.0,-6.0,5.5,8.7,-0.8,NotYet
57.0,-6.0,5.5,8.7,-0.6,NotYet
57.0,-6.0,5.5,8.7,-0.4,NotYet
57.0,-6.0,5.5,8.6,-0.2,NotYet
57.0,-6.0,5.5,8.6,0.0,NotYet
57.0,-6.0,5.5,8.6,0.2,NotYet
57.0,-6.0,5.5,8.6,0.4,NotYet
57.0,-6.0,5.5,8.6,0.6,NotYet
57.0,-6.0,5.5,8.6,0.8,NotYet
57.0,-6.0,5.5,8.7,1.0,NotYet
57.0,-4.0,5.5,8.6,-1.0,NotYet
57.0,-4.0,5.5,8.6,-0.8,NotYet
57.0,-4.0,5.5,8.6,-0.6,NotYet
57.0,-4.0,5.5,8.6,-0.4,NotYet
57.0,-4.0,5.5,8.6,-0.2,NotYet
57.0,-4.0,5.5,8.6,0.0,NotYet
57.0,-4.0,5.5,8.6,0.2,NotYet
57.0,-4.0,5.5,8.6,0.4,NotYet
57.0,-4.0,5.5,8.6,0.6,NotYet
57.0,-4.0,5.5,8.6,0.8,NotYet
57.0,-4.0,5.5,8.6,1.0,NotYet
57.0,-2.0,5.5,8.6,-1.0,NotYet
57.0,-2.0,5.5,8.6,-0.8,NotYet
57.0,-2.0,5.5,8.6,-0.6,NotYet
57.0,-2.0,5.5,8.6,-0.4,NotYet
57.0,-2.0,5.5,8.6,-0.2,NotYet
57.0,-2.0,5.6,8.5,0.0,NotYet
57.0,-2.0,5.6,8.5,0.2,NotYet
57.0,-2.0,5.6,8.5,0.4,NotYet
57.0,-2.0,5.6,8.5,0.6,NotYet
57.0,-2.0,5.6,8.5,0.8,NotYet
57.0,-2.0,5.6,8.5,1.0,NotYet
57.0,0.0,5.6,8.5,-1.0,NotYet
57.0,0.0,5.6,8.5,-0.8,NotYet
57.0,0.0,5.6,8.5,-0.6,NotYet
57.0,0.0,5.6,8.5,-0.4,NotYet
57.0,0.0,5.6,8.5,-0.2,NotYet
57.0,0.0,5.6,8.5,0.0,NotYet
57.0,0.0,5.6,8.5,0.2,NotYet
57.0,0.0,5.6,8.5,0.4,NotYet
57.0,0.0,5.7,8.5,0.6,NotYet
57.0,0.0,5.7,8.5,0.8,NotYet
57.0,0.0,5.7,8.5,1.0,NotYet
57.0,2.0,5.6,8.6,-1.0,NotYet
57.0,2.0,5.6,8.6,-0.8,NotYet
57.0,2.0,5.6,8.6,-0.6,NotYet
57.0,2.0,5.6,8.6,-0.4,NotYet
57.0,2.0,5.7,8.5,-0.2,NotYet
57.0,2.0,5.7,8.5,0.0,NotYet
57.0,2.0,5.7,8.5,0.2,NotYet
57.0,2.0,5.7,8.6,0.4,NotYet
57.0,2.0,5.7,8.6,0.6,NotYet
57.0,2.0,5.7,8.6,0.8,NotYet
57.0,2.0,5.7,8.6,1.0,NotYet
57.0,4.0,5.7,8.6,-1.0,NotYet
57.0,4.0,5.7,8.6,-0.8,NotYet
57.0,4.0,5.7,8.6,-0.6,NotYet
57.0,4.0,5.7,8.6,-0.4,NotYet
57.0,4.0,5.7,8.7,-0.2,NotYet
57.0,4.0,5.8,8.6,0.0,NotYet
57.0,4.0,5.8,8.6,0.2,NotYet
57.0,4.0,5.8,8.6,0.4,NotYet
57.0,4.0,5.8,8.6,0.6,NotYet
57.0,4.0,5.8,8.6,0.8,NotYet
57.0,4.0,5.8,8.6,1.0,NotYet
57.0,6.0,5.7,8.7,-1.0,NotYet
57.0,6.0,5.8,8.7,-0.8,NotYet
57.0,6.0,5.8,8.7,-0.6,NotYet
57.0,6.0,5.8,8.7,-0.4,NotYet
57.0,6.0,5.8,8.7,-0.2,NotYet
57.0,6.0,5.8,8.7,0.0,NotYet
57.0,6.0,5.8,8.8,0.2,NotYet
57.0,6.0,5.8,8.8,0.4,NotYet
57.0,6.0,5.9,8.7,0.6,NotYet
57.0,6.0,5.9,8.7,0.8,NotYet
57.0,6.0,5.8,8.7,1.0,NotYet
57.0,8.0,5.8,8.8,-1.0,NotYet
57.0,8.0,5.8,8.8,-0.8,NotYet
57.0,8.0,5.8,8.8,-0.6,NotYet
57.0,8.0,5.8,8.9,-0.4,NotYet
57.0,8.0,5.8,8.9,-0.2,NotYet
57.0,8.0,5.9,8.9,0.0,NotYet
57.0,8.0,5.9,8.9,0.2,NotYet
57.0,8.0,5.9,8.9,0.4,NotYet
57.0,8.0,5.9,8.9,0.6,NotYet
57.0,8.0,5.9,8.8,0.8,NotYet
57.0,8.0,5.9,8.8,1.0,NotYet
57.0,10.0,5.8,8.9,-1.0,NotYet
57.0,10.0,5.9,8.9,-0.8,NotYet
57.0,10.0,5.9,8.9,-0.6,NotYet
57.0,10.0,5.9,9.0,-0.4,NotYet
57.0,10.0,5.9,9.0,-0.2,NotYet
57.0,10.0,5.9,9.0,0.0,NotYet
57.0,10.0,5.9,9.0,0.2,NotYet
57.0,10.0,5.9,9.0,0.4,NotYet
57.0,10.0,5.9,9.0,0.6,NotYet
57.0,10.0,5.9,9.0,0.8,NotYet
57.0,10.0,5.9,8.9,1.0,NotYet
58.0,-10.0,5.6,8.8,-1.0,NotYet
58.0,-10.0,5.6,8.8,-0.8,NotYet
58.0,-10.0,5.6,8.8,-0.6,NotYet
58.0,-10.0,5.6,8.8,-0.4,NotYet
58.0,-10.0,5.6,8.7,-0.2,NotYet
58.0,-10.0,5.6,8.7,0.0,NotYet
58.0,-10.0,5.6,8.7,0.2,NotYet
58.0,-10.0,5.5,8.7,0.4,NotYet
58.0,-10.0,5.5,8.7,0.6,NotYet
58.0,-10.0,5.5,8.7,0.8,NotYet
58.0,-10.0,5.6,8.7,1.0,NotYet
58.0,-8.0,5.6,8.6,-1.0,NotYet
58.0,-8.0,5.6,8.6,-0.8,NotYet
58.0,-8.0,5.6,8.6,-0.6,NotYet
58.0,-8.0,5.6,8.6,-0.4,NotYet
58.0,-8.0,5.6,8.6,-0.2,NotYet
58.0,-8.0,5.6,8.6,0.0,NotYet
58.0,-8.0,5.5,8.6,0.2,NotYet
58.0,-8.0,5.5,8.6,0.4,NotYet
58.0,-8.0,5.5,8.6,0.6,NotYet
58.0,-8.0,5.6,8.6,0.8,NotYet
58.0,-8.0,5.6,8.6,1.0,NotYet
58.0,-6.0,5.6,8.5,-1.0,NotYet
58.0,-6.0,5.6,8.5,-0.8,NotYet
58.0,-6.0,5.6,8.5,-0.6,NotYet
58.0,-6.0,5.6,8.5,-0.4,NotYet
58.0,-6.0,5.6,8.5,-0.2,NotYet
58.0,-6.0,5.6,8.5,0.0,NotYet
58.0,-6.0,5.6,8.5,0.2,NotYet
58.0,-6.0,5.6,8.5,0.4,NotYet
58.0,-6.0,5.6,8.5,0.6,NotYet
58.0,-6.0,5.6,8.5,0.8,NotYet
58.0,-6.0,5.6,8.5,1.0,NotYet
58.0,-4.0,5.6,8.5,-1.0,NotYet
58.0,-4.0,5.6,8.5,-0.8,NotYet
58.0,-4.0,5.6,8.5,-0.6,NotYet
58.0,-4.0,5.6,8.5,-0.4,NotYet
58.0,-4.0,5.6,8.5,-0.2,NotYet
58.0,-4.0,5.6,8.4,0.0,NotYet
58.0,-4.0,5.6,8.4,0.2,NotYet
58.0,-4.0,5.6,8.4,0.4,NotYet
58.0,-4.0,5.6,8.4,0.6,NotYet
58.0,-4.0,5.6,8.5,0.8,NotYet
58.0,-4.0,5.6,8.5,1.0,NotYet
58.0,-2.0,5.6,8.5,-1.0,NotYet
58.0,-2.0,5.6,8.5,-0.8,NotYet
58.0,-2.0,5.6,8.4,-0.6,NotYet
58.0,-2.0,5.6,8.4,-0.4,NotYet
58.0,-2.0,5.6,8.4,-0.2,NotYet
58.0,-2.0,5.6,8.4,0.0,NotYet
58.0,-2.0,5.6,8.4,0.2,NotYet
58.0,-2.0,5.6,8.4,0.4,NotYet
58.0,-2.0,5.7,8.4,0.6,NotYet
58.0,-2.0,5.7,8.4,0.8,NotYet
58.0,-2.0,5.7,8.4,1.0,NotYet
58.0,0.0,5.7,8.4,-1.0,NotYet
58.0,0.0,5.7,8.4,-0.8,NotYet
58.0,0.0,5.7,8.4,-0.6,NotYet
58.0,0.0,5.7,8.4,-0.4,NotYet
58.0,0.0,5.7,8.4,-0.2,NotYet
58.0,0.0,5.7,8.4,0.0,NotYet
58.0,0.0,5.7,8.4,0.2,NotYet
58.0,0.0,5.7,8.4,0.4,NotYet
58.0,0.0,5.7,8.4,0.6,NotYet
58.0,0.0,5.7,8.4,0.8,NotYet
58.0,0.0,5.7,8.4,1.0,NotYet
58.0,2.0,5.7,8.5,-1.0,NotYet
58.0,2.0,5.7,8.5,-0.8,NotYet
58.0,2.0,5.7,8.5,-0.6,NotYet
58.0,2.0,5.7,8.5,-0.4,NotYet
58.0,2.0,5.8,8.4,-0.2,NotYet
58.0,2.0,5.8,8.4,0.0,NotYet
58.0,2.0,5.8,8.4,0.2,NotYet
58.0,2.0,5.8,8.4,0.4,NotYet
58.0,2.0,5.8,8.4,0.6,NotYet
58.0,2.0,5.8,8.4,0.8,NotYet
58.0,2.0,5.8,8.4,1.0,NotYet
58.0,4.0,5.8,8.5,-1.0,NotYet
58.0,4.0,5.8,8.5,-0.8,NotYet
58.0,4.0,5.8,8.5,-0.6,NotYet
58.0,4.0,5.8,8.5,-0.4,NotYet
58.0,4.0,5.8,8.5,-0.2,NotYet
58.0,4.0,5.8,8.5,0.0,NotYet
58.0,4.0,5.9,8.5,0.2,NotYet
58.0,4.0,5.9,8.5,0.4,NotYet
58.0,4.0,5.9,8.5,0.6,NotYet
58.0,4.0,5.9,8.5,0.8,NotYet
58.0,4.0,5.9,8.5,1.0,NotYet
58.0,6.0,5.8,8.6,-1.0,NotYet
58.0,6.0,5.9,8.6,-0.8,NotYet
58.0,6.0,5.9,8.6,-0.6,NotYet
58.0,6.0,5.9,8.6,-0.4,NotYet
58.0,6.0,5.9,8.6,-0.2,NotYet
58.0,6.0,5.9,8.6,0.0,NotYet
58.0,6.0,5.9,8.6,0.2,NotYet
58.0,6.0,5.9,8.6,0.4,NotYet
58.0,6.0,5.9,8.6,0.6,NotYet
58.0,6.0,5.9,8.6,0.8,NotYet
58.0,6.0,5.9,8.6,1.0,NotYet
58.0,8.0,5.9,8.7,-1.0,NotYet
58.0,8.0,5.9,8.7,-0.8,NotYet
58.0,8.0,5.9,8.7,-0.6,NotYet
58.0,8.0,6.0,8.7,-0.4,NotYet
58.0,8.0,6.0,8.7,-0.2,NotYet
58.0,8.0,6.0,8.7,0.0,NotYet
58.0,8.0,6.0,8.7,0.2,NotYet
58.0,8.0,6.0,8.7,0.4,NotYet
58.0,8.0,6.0,8.7,0.6,NotYet
58.0,8.0,6.0,8.7,0.8,NotYet
58.0,8.0,6.0,8.7,1.0,NotYet
58.0,10.0,6.0,8.8,-1.0,NotYet
58.0,10.0,6.0,8.8,-0.8,NotYet
58.0,10.0,6.0,8.8,-0.6,NotYet
58.0,10.0,6.0,8.8,-0.4,NotYet
58.0,10.0,6.0,8.9,-0.2,NotYet
58.0,10.0,6.0,8.9,0.0,NotYet
58.0,10.0,6.0,8.9,0.2,NotYet
58.0,10.0,6.0,8.9,0.4,NotYet
58.0,10.0,6.0,8.9,0.6,NotYet
58.0,10.0,6.0,8.8,0.8,NotYet
58.0,10.0,6.0,8.8,1.0,NotYet
59.0,-10.0,5.7,8.6,-1.0,NotYet
59.0,-10.0,5.7,8.6,-0.8,NotYet
59.0,-10.0,5.7,8.6,-0.6,NotYet
59.0,-10.0,5.7,8.6,-0.4,NotYet
59.0,-10.0,5.7,8.6,-0.2,NotYet
59.0,-10.0,5.6,8.6,0.0,NotYet
59.0,-10.0,5.6,8.6,0.2,NotYet
59.0,-10.0,5.6,8.6,0.4,NotYet
59.0,-10.0,5.6,8.6,0.6,NotYet
59.0,-10.0,5.6,8.6,0.8,NotYet
59.0,-10.0,5.6,8.6,1.0,NotYet
59.0,-8.0,5.7,8.5,-1.0,NotYet
59.0,-8.0,5.7,8.5,-0.8,NotYet
59.0,-8.0,5.7,8.5,-0.6,NotYet
59.0,-8.0,5.6,8.5,-0.4,NotYet
59.0,-8.0,5.6,8.5,-0.2,NotYet
59.0,-8.0,5.6,8.5,0.0,NotYet
59.0,-8.0,5.6,8.5,0.2,NotYet
59.0,-8.0,5.6,8.5,0.4,NotYet
59.0,-8.0,5.6,8.5,0.6,NotYet
59.0,-8.0,5.6,8.5,0.8,NotYet
59.0,-8.0,5.6,8.5,1.0,NotYet
59.0,-6.0,5.7,8.4,-1.0,NotYet
59.0,-6.0,5.7,8.4,-0.8,NotYet
59.0,-6.0,5.6,8.4,-0.6,NotYet
59.0,-6.0,5.6,8.4,-0.4,NotYet
59.0,-6.0,5.6,8.4,-0.2,NotYet
59.0,-6.0,5.6,8.4,0.0,NotYet
59.0,-6.0,5.6,8.4,0.2,NotYet
59.0,-6.0,5.6,8.4,0.4,NotYet
59.0,-6.0,5.6,8.4,0.6,NotYet
59.0,-6.0,5.6,8.4,0.8,NotYet
59.0,-6.0,5.6,8.4,1.0,NotYet
59.0,-4.0,5.7,8.3,-1.0,NotYet
59.0,-4.0,5.6,8.4,-0.8,NotYet
59.0,-4.0,5.6,8.4,-0.6,NotYet
59.0,-4.0,5.6,8.4,-0.4,NotYet
59.0,-4.0,5.6,8.4,-0.2,NotYet
59.0,-4.0,5.6,8.4,0.0,NotYet
59.0,-4.0,5.7,8.3,0.2,NotYet
59.0,-4.0,5.7,8.3,0.4,NotYet
59.0,-4.0,5.7,8.3,0.6,NotYet
59.0,-4.0,5.7,8.3,0.8,NotYet
59.0,-4.0,5.7,8.3,1.0,NotYet
59.0,-2.0,5.7,8.3,-1.0,NotYet
59.0,-2.0,5.7,8.3,-0.8,NotYet
59.0,-2.0,5.7,8.3,-0.6,NotYet
59.0,-2.0,5.7,8.3,-0.4,NotYet
59.0,-2.0,5.7,8.3,-0.2,NotYet
59.0,-2.0,5.7,8.3,0.0,NotYet
59.0,-2.0,5.7,8.3,0.2,NotYet
59.0,-2.0,5.7,8.3,0.4,NotYet
59.0,-2.0,5.7,8.3,0.6,NotYet
59.0,-2.0,5.7,8.3,0.8,NotYet
59.0,-2.0,5.7,8.3,1.0,NotYet
59.0,0.0,5.7,8.4,-1.0,NotYet
59.0,0.0,5.8,8.3,-0.8,NotYet
59.0,0.0,5.8,8.3,-0.6,NotYet
59.0,0.0,5.8,8.3,-0.4,NotYet
59.0,0.0,5.8,8.3,-0.2,NotYet
59.0,0.0,5.8,8.3,0.0,NotYet
59.0,0.0,5.8,8.3,0.2,NotYet
59.0,0.0,5.8,8.3,0.4,NotYet
59.0,0.0,5.8,8.3,0.6,NotYet
59.0,0.0,5.8,8.3,0.8,NotYet
59.0,0.0,5.8,8.3,1.0,NotYet
59.0,2.0,5.8,8.4,-1.0,NotYet
59.0,2.0,5.8,8.4,-0.8,NotYet
59.0,2.0,5.8,8.4,-0.6,NotYet
59.0,2.0,5.8,8.3,-0.4,NotYet
59.0,2.0,5.8,8.3,-0.2,NotYet
59.0,2.0,5.9,8.3,0.0,NotYet
59.0,2.0,5.9,8.3,0.2,NotYet
59.0,2.0,5.9,8.3,0.4,NotYet
59.0,2.0,5.9,8.3,0.6,NotYet
59.0,2.0,5.9,8.3,0.8,NotYet
59.0,2.0,5.9,8.3,1.0,NotYet
59.0,4.0,5.9,8.4,-1.0,NotYet
59.0,4.0,5.9,8.4,-0.8,NotYet
59.0,4.0,5.9,8.4,-0.6,NotYet
59.0,4.0,5.9,8.4,-0.4,NotYet
59.0,4.0,5.9,8.4,-0.2,NotYet
59.0,4.0,5.9,8.4,0.0,NotYet
59.0,4.0,6.0,8.3,0.2,NotYet
59.0,4.0,6.0,8.3,0.4,NotYet
59.0,4.0,6.0,8.3,0.6,NotYet
59.0,4.0,6.0,8.3,0.8,NotYet
59.0,4.0,6.0,8.3,1.0,NotYet
59.0,6.0,5.9,8.5,-1.0,NotYet
59.0,6.0,6.0,8.5,-0.8,NotYet
59.0,6.0,6.0,8.5,-0.6,NotYet
59.0,6.0,6.0,8.5,-0.4,NotYet
59.0,6.0,6.0,8.5,-0.2,NotYet
59.0,6.0,6.0,8.5,0.0,NotYet
59.0,6.0,6.0,8.5,0.2,NotYet
59.0,6.0,6.0,8.5,0.4,NotYet
59.0,6.0,6.0,8.5,0.6,NotYet
59.0,6.0,6.0,8.5,0.8,NotYet
59.0,6.0,6.0,8.5,1.0,NotYet
59.0,8.0,6.0,8.6,-1.0,NotYet
59.0,8.0,6.0,8.6,-0.8,NotYet
59.0,8.0,6.0,8.6,-0.6,NotYet
59.0,8.0,6.0,8.6,-0.4,NotYet
59.0,8.0,6.1,8.6,-0.2,NotYet
59.0,8.0,6.1,8.6,0.0,NotYet
59.0,8.0,6.1,8.6,0.2,NotYet
59.0,8.0,6.1,8.6,0.4,NotYet
59.0,8.0,6.1,8.6,0.6,NotYet
59.0,8.0,6.1,8.6,0.8,NotYet
59.0,8.0,6.1,8.5,1.0,NotYet
59.0,10.0,6.1,8.6,-1.0,NotYet
59.0,10.0,6.1,8.7,-0.8,NotYet
59.0,10.0,6.1,8.7,-0.6,NotYet
59.0,10.0,6.1,8.7,-0.4,NotYet
59.0,10.0,6.1,8.7,-0.2,NotYet
59.0,10.0,6.1,8.7,0.0,NotYet
59.0,10.0,6.1,8.7,0.2,NotYet
59.0,10.0,6.1,8.7,0.4,NotYet
59.0,10.0,6.1,8.7,0.6,NotYet
59.0,10.0,6.1,8.7,0.8,NotYet
59.0,10.0,6.1,8.7,1.0,NotYet
60.0,-10.0,5.8,8.5,-1.0,NotYet
60.0,-10.0,5.8,8.5,-0.8,NotYet
60.0,-10.0,5.8,8.5,-0.6,NotYet
60.0,-10.0,5.7,8.5,-0.4,NotYet
60.0,-10.0,5.7,8.5,-0.2,NotYet
60.0,-10.0,5.7,8.5,0.0,NotYet
60.0,-10.0,5.7,8.5,0.2,NotYet
60.0,-10.0,5.7,8.5,0.4,NotYet
60.0,-10.0,5.7,8.4,0.6,NotYet
60.0,-10.0,5.7,8.4,0.8,NotYet
60.0,-10.0,5.7,8.4,1.0,NotYet
60.0,-8.0,5.7,8.4,-1.0,NotYet
60.0,-8.0,5.7,8.4,-0.8,NotYet
60.0,-8.0,5.7,8.4,-0.6,NotYet
60.0,-8.0,5.7,8.4,-0.4,NotYet
60.0,-8.0,5.7,8.4,-0.2,NotYet
60.0,-8.0,5.7,8.4,0.0,NotYet
60.0,-8.0,5.7,8.4,0.2,NotYet
60.0,-8.0,5.7,8.4,0.4,NotYet
60.0,-8.0,5.7,8.4,0.6,NotYet
60.0,-8.0,5.7,8.4,0.8,NotYet
60.0,-8.0,5.7,8.4,1.0,NotYet
60.0,-6.0,5.7,8.3,-1.0,NotYet
60.0,-6.0,5.7,8.3,-0.8,NotYet
60.0,-6.0,5.7,8.3,-0.6,NotYet
60.0,-6.0,5.7,8.3,-0.4,NotYet
60.0,-6.0,5.7,8.3,-0.2,NotYet
60.0,-6.0,5.7,8.3,0.0,NotYet
60.0,-6.0,5.7,8.3,0.2,NotYet
60.0,-6.0,5.7,8.3,0.4,NotYet
60.0,-6.0,5.7,8.3,0.6,NotYet
60.0,-6.0,5.7,8.3,0.8,NotYet
60.0,-6.0,5.7,8.3,1.0,NotYet
60.0,-4.0,5.7,8.3,-1.0,NotYet
60.0,-4.0,5.7,8.3,-0.8,NotYet
60.0,-4.0,5.7,8.3,-0.6,NotYet
60.0,-4.0,5.7,8.3,-0.4,NotYet
60.0,-4.0,5.7,8.3,-0.2,NotYet
60.0,-4.0,5.7,8.2,0.0,NotYet
60.0,-4.0,5.7,8.2,0.2,NotYet
60.0,-4.0,5.7,8.2,0.4,NotYet
60.0,-4.0,5.7,8.2,0.6,NotYet
60.0,-4.0,5.8,8.2,0.8,NotYet
60.0,-4.0,5.8,8.2,1.0,NotYet
60.0,-2.0,5.8,8.2,-1.0,NotYet
60.0,-2.0,5.8,8.2,-0.8,NotYet
60.0,-2.0,5.8,8.2,-0.6,NotYet
60.0,-2.0,5.8,8.2,-0.4,NotYet
60.0,-2.0,5.8,8.2,-0.2,NotYet
60.0,-2.0,5.8,8.2,0.0,NotYet
60.0,-2.0,5.8,8.2,0.2,NotYet
60.0,-2.0,5.8,8.2,0.4,NotYet
60.0,-2.0,5.8,8.2,0.6,NotYet
60.0,-2.0,5.8,8.2,0.8,NotYet
60.0,-2.0,5.8,8.2,1.0,NotYet
60.0,0.0,5.8,8.2,-1.0,NotYet
60.0,0.0,5.8,8.2,-0.8,NotYet
60.0,0.0,5.8,8.2,-0.6,NotYet
60.0,0.0,5.8,8.2,-0.4,NotYet
60.0,0.0,5.8,8.2,-0.2,NotYet
60.0,0.0,5.8,8.2,0.0,NotYet
60.0,0.0,5.9,8.1,0.2,NotYet
60.0,0.0,5.9,8.1,0.4,NotYet
60.0,0.0,5.9,8.1,0.6,NotYet
60.0,0.0,5.9,8.1,0.8,NotYet
60.0,0.0,5.9,8.1,1.0,NotYet
60.0,2.0,5.9,8.2,-1.0,NotYet
60.0,2.0,5.9,8.2,-0.8,NotYet
60.0,2.0,5.9,8.2,-0.6,NotYet
60.0,2.0,5.9,8.2,-0.4,NotYet
60.0,2.0,5.9,8.2,-0.2,NotYet
60.0,2.0,5.9,8.2,0.0,NotYet
60.0,2.0,5.9,8.2,0.2,NotYet
60.0,2.0,5.9,8.2,0.4,NotYet
60.0,2.0,6.0,8.2,0.6,NotYet
60.0,2.0,6.0,8.2,0.8,NotYet
60.0,2.0,6.0,8.2,1.0,NotYet
60.0,4.0,6.0,8.3,-1.0,NotYet
60.0,4.0,6.0,8.3,-0.8,NotYet
60.0,4.0,6.0,8.3,-0.6,NotYet
60.0,4.0,6.0,8.3,-0.4,NotYet
60.0,4.0,6.0,8.3,-0.2,NotYet
60.0,4.0,6.0,8.3,0.0,NotYet
60.0,4.0,6.1,8.2,0.2,NotYet
60.0,4.0,6.1,8.2,0.4,NotYet
60.0,4.0,6.1,8.2,0.6,NotYet
60.0,4.0,6.1,8.2,0.8,NotYet
60.0,4.0,6.0,8.3,1.0,NotYet
60.0,6.0,6.1,8.3,-1.0,NotYet
60.0,6.0,6.1,8.3,-0.8,NotYet
60.0,6.0,6.1,8.3,-0.6,NotYet
60.0,6.0,6.1,8.3,-0.4,NotYet
60.0,6.0,6.1,8.3,-0.2,NotYet
60.0,6.0,6.1,8.3,0.0,NotYet
60.0,6.0,6.1,8.3,0.2,NotYet
60.0,6.0,6.1,8.3,0.4,NotYet
60.0,6.0,6.1,8.3,0.6,NotYet
60.0,6.0,6.1,8.3,0.8,NotYet
60.0,6.0,6.1,8.3,1.0,NotYet
60.0,8.0,6.1,8.4,-1.0,NotYet
60.0,8.0,6.1,8.5,-0.8,NotYet
60.0,8.0,6.2,8.4,-0.6,NotYet
60.0,8.0,6.2,8.4,-0.4,NotYet
60.0,8.0,6.2,8.4,-0.2,NotYet
60.0,8.0,6.2,8.4,0.0,NotYet
60.0,8.0,6.2,8.4,0.2,NotYet
60.0,8.0,6.2,8.4,0.4,NotYet
60.0,8.0,6.2,8.4,0.6,NotYet
60.0,8.0,6.2,8.4,0.8,NotYet
60.0,8.0,6.2,8.4,1.0,NotYet
60.0,10.0,6.2,8.5,-1.0,NotYet
60.0,10.0,6.2,8.5,-0.8,NotYet
60.0,10.0,6.2,8.5,-0.6,NotYet
60.0,10.0,6.2,8.6,-0.4,NotYet
60.0,10.0,6.2,8.6,-0.2,NotYet
60.0,10.0,6.2,8.6,0.0,NotYet
60.0,10.0,6.2,8.6,0.2,NotYet
60.0,10.0,6.2,8.6,0.4,NotYet
60.0,10.0,6.2,8.6,0.6,NotYet
60.0,10.0,6.2,8.6,0.8,NotYet
60.0,10.0,6.2,8.5,1.0,NotYet
61.0,-10.0,5.9,8.3,-1.0,NotYet
61.0,-10.0,5.9,8.3,-0.8,NotYet
61.0,-10.0,5.8,8.4,-0.6,NotYet
61.0,-10.0,5.8,8.4,-0.4,NotYet
61.0,-10.0,5.8,8.4,-0.2,NotYet
61.0,-10.0,5.8,8.3,0.0,NotYet
61.0,-10.0,5.8,8.3,0.2,NotYet
61.0,-10.0,5.8,8.3,0.4,NotYet
61.0,-10.0,5.8,8.3,0.6,NotYet
61.0,-10.0,5.8,8.3,0.8,NotYet
61.0,-10.0,5.8,8.3,1.0,NotYet
61.0,-8.0,5.8,8.2,-1.0,NotYet
61.0,-8.0,5.8,8.2,-0.8,NotYet
61.0,-8.0,5.8,8.3,-0.6,NotYet
61.0,-8.0,5.8,8.2,-0.4,NotYet
61.0,-8.0,5.8,8.2,-0.2,NotYet
61.0,-8.0,5.8,8.2,0.0,NotYet
61.0,-8.0,5.8,8.2,0.2,NotYet
61.0,-8.0,5.8,8.2,0.4,NotYet
61.0,-8.0,5.8,8.2,0.6,NotYet
61.0,-8.0,5.8,8.2,0.8,NotYet
61.0,-8.0,5.8,8.2,1.0,NotYet
61.0,-6.0,5.8,8.2,-1.0,NotYet
61.0,-6.0,5.8,8.2,-0.8,NotYet
61.0,-6.0,5.8,8.2,-0.6,NotYet
61.0,-6.0,5.8,8.2,-0.4,NotYet
61.0,-6.0,5.8,8.2,-0.2,NotYet
61.0,-6.0,5.8,8.2,0.0,NotYet
61.0,-6.0,5.8,8.2,0.2,NotYet
61.0,-6.0,5.8,8.2,0.4,NotYet
61.0,-6.0,5.8,8.2,0.6,NotYet
61.0,-6.0,5.8,8.2,0.8,NotYet
61.0,-6.0,5.8,8.2,1.0,NotYet
61.0,-4.0,5.8,8.1,-1.0,NotYet
61.0,-4.0,5.8,8.1,-0.8,NotYet
61.0,-4.0,5.8,8.1,-0.6,NotYet
61.0,-4.0,5.8,8.1,-0.4,NotYet
61.0,-4.0,5.8,8.1,-0.2,NotYet
61.0,-4.0,5.8,8.1,0.0,NotYet
61.0,-4.0,5.8,8.1,0.2,NotYet
61.0,-4.0,5.8,8.1,0.4,NotYet
61.0,-4.0,5.8,8.1,0.6,NotYet
61.0,-4.0,5.8,8.1,0.8,NotYet
61.0,-4.0,5.8,8.1,1.0,NotYet
61.0,-2.0,5.8,8.1,-1.0,NotYet
61.0,-2.0,5.8,8.1,-0.8,NotYet
61.0,-2.0,5.8,8.1,-0.6,NotYet
61.0,-2.0,5.8,8.1,-0.4,NotYet
61.0,-2.0,5.8,8.1,-0.2,NotYet
61.0,-2.0,5.8,8.1,0.0,NotYet
61.0,-2.0,5.9,8.0,0.2,NotYet
61.0,-2.0,5.9,8.0,0.4,NotYet
61.0,-2.0,5.9,8.0,0.6,NotYet
61.0,-2.0,5.9,8.0,0.8,NotYet
61.0,-2.0,5.9,8.0,1.0,NotYet
61.0,0.0,5.9,8.1,-1.0,NotYet
61.0,0.0,5.9,8.1,-0.8,NotYet
61.0,0.0,5.9,8.1,-0.6,NotYet
61.0,0.0,5.9,8.1,-0.4,NotYet
61.0,0.0,5.9,8.1,-0.2,NotYet
61.0,0.0,5.9,8.1,0.0,NotYet
61.0,0.0,5.9,8.1,0.2,NotYet
61.0,0.0,6.0,8.0,0.4,NotYet
61.0,0.0,6.0,8.0,0.6,NotYet
61.0,0.0,6.0,8.0,0.8,NotYet
61.0,0.0,6.0,8.0,1.0,NotYet
61.0,2.0,6.0,8.1,-1.0,NotYet
61.0,2.0,6.0,8.1,-0.8,NotYet
61.0,2.0,6.0,8.1,-0.6,NotYet
61.0,2.0,6.0,8.1,-0.4,NotYet
61.0,2.0,6.0,8.1,-0.2,NotYet
61.0,2.0,6.0,8.1,0.0,NotYet
61.0,2.0,6.0,8.1,0.2,NotYet
61.0,2.0,6.0,8.1,0.4,NotYet
61.0,2.0,6.0,8.1,0.6,NotYet
61.0,2.0,6.0,8.1,0.8,NotYet
61.0,2.0,6.0,8.1,1.0,NotYet
61.0,4.0,6.1,8.2,-1.0,NotYet
61.0,4.0,6.1,8.2,-0.8,NotYet
61.0,4.0,6.1,8.1,-0.6,NotYet
61.0,4.0,6.1,8.1,-0.4,NotYet
61.0,4.0,6.1,8.1,-0.2,NotYet
61.0,4.0,6.1,8.1,0.0,NotYet
61.0,4.0,6.1,8.1,0.2,NotYet
61.0,4.0,6.1,8.1,0.4,NotYet
61.0,4.0,6.1,8.1,0.6,NotYet
61.0,4.0,6.1,8.1,0.8,NotYet
61.0,4.0,6.1,8.1,1.0,NotYet
61.0,6.0,6.2,8.2,-1.0,NotYet
61.0,6.0,6.2,8.2,-0.8,NotYet
61.0,6.0,6.2,8.2,-0.6,NotYet
61.0,6.0,6.2,8.2,-0.4,NotYet
61.0,6.0,6.2,8.2,-0.2,NotYet
61.0,6.0,6.2,8.2,0.0,NotYet
61.0,6.0,6.2,8.2,0.2,NotYet
61.0,6.0,6.2,8.2,0.4,NotYet
61.0,6.0,6.2,8.2,0.6,NotYet
61.0,6.0,6.2,8.2,0.8,NotYet
61.0,6.0,6.2,8.2,1.0,NotYet
61.0,8.0,6.2,8.3,-1.0,NotYet
61.0,8.0,6.2,8.3,-0.8,NotYet
61.0,8.0,6.3,8.3,-0.6,NotYet
61.0,8.0,6.3,8.3,-0.4,NotYet
61.0,8.0,6.3,8.3,-0.2,NotYet
61.0,8.0,6.3,8.3,0.0,NotYet
61.0,8.0,6.3,8.3,0.2,NotYet
61.0,8.0,6.3,8.3,0.4,NotYet
61.0,8.0,6.3,8.3,0.6,NotYet
61.0,8.0,6.3,8.3,0.8,NotYet
61.0,8.0,6.3,8.3,1.0,NotYet
61.0,10.0,6.3,8.4,-1.0,NotYet
61.0,10.0,6.3,8.4,-0.8,NotYet
61.0,10.0,6.3,8.4,-0.6,NotYet
61.0,10.0,6.3,8.4,-0.4,NotYet
61.0,10.0,6.4,8.4,-0.2,NotYet
61.0,10.0,6.4,8.4,0.0,NotYet
61.0,10.0,6.4,8.4,0.2,NotYet
61.0,10.0,6.4,8.4,0.4,NotYet
61.0,10.0,6.3,8.4,0.6,NotYet
61.0,10.0,6.3,8.4,0.8,NotYet
61.0,10.0,6.3,8.4,1.0,NotYet
62.0,-10.0,5.9,8.2,-1.0,NotYet
62.0,-10.0,5.9,8.2,-0.8,NotYet
62.0,-10.0,5.9,8.2,-0.6,NotYet
62.0,-10.0,5.9,8.2,-0.4,NotYet
62.0,-10.0,5.9,8.2,-0.2,NotYet
62.0,-10.0,5.9,8.2,0.0,NotYet
62.0,-10.0,5.9,8.2,0.2,NotYet
62.0,-10.0,5.9,8.2,0.4,NotYet
62.0,-10.0,5.9,8.2,0.6,NotYet
62.0,-10.0,5.9,8.2,0.8,NotYet
62.0,-10.0,5.9,8.2,1.0,NotYet
62.0,-8.0,5.9,8.1,-1.0,NotYet
62.0,-8.0,5.9,8.1,-0.8,NotYet
62.0,-8.0,5.9,8.1,-0.6,NotYet
62.0,-8.0,5.8,8.2,-0.4,NotYet
62.0,-8.0,5.8,8.2,-0.2,NotYet
62.0,-8.0,5.8,8.2,0.0,NotYet
62.0,-8.0,5.8,8.2,0.2,NotYet
62.0,-8.0,5.8,8.2,0.4,NotYet
62.0,-8.0,5.8,8.1,0.6,NotYet
62.0,-8.0,5.9,8.1,0.8,NotYet
62.0,-8.0,5.9,8.1,1.0,NotYet
62.0,-6.0,5.8,8.1,-1.0,NotYet
62.0,-6.0,5.8,8.1,-0.8,NotYet
62.0,-6.0,5.8,8.1,-0.6,NotYet
62.0,-6.0,5.8,8.1,-0.4,NotYet
62.0,-6.0,5.8,8.1,-0.2,NotYet
62.0,-6.0,5.8,8.1,0.0,NotYet
62.0,-6.0,5.8,8.1,0.2,NotYet
62.0,-6.0,5.8,8.1,0.4,NotYet
62.0,-6.0,5.8,8.1,0.6,NotYet
62.0,-6.0,5.8,8.1,0.8,NotYet
62.0,-6.0,5.8,8.1,1.0,NotYet
62.0,-4.0,5.9,8.0,-1.0,NotYet
62.0,-4.0,5.9,8.0,-0.8,NotYet
62.0,-4.0,5.9,8.0,-0.6,NotYet
62.0,-4.0,5.9,8.0,-0.4,NotYet
62.0,-4.0,5.9,8.0,-0.2,NotYet
62.0,-4.0,5.9,8.0,0.0,NotYet
62.0,-4.0,5.9,8.0,0.2,NotYet
62.0,-4.0,5.9,8.0,0.4,NotYet
62.0,-4.0,5.9,8.0,0.6,NotYet
62.0,-4.0,5.9,8.0,0.8,NotYet
62.0,-4.0,5.9,8.0,1.0,NotYet
62.0,-2.0,5.9,8.0,-1.0,NotYet
62.0,-2.0,5.9,8.0,-0.8,NotYet
62.0,-2.0,5.9,8.0,-0.6,NotYet
62.0,-2.0,5.9,8.0,-0.4,NotYet
62.0,-2.0,5.9,8.0,-0.2,NotYet
62.0,-2.0,5.9,8.0,0.0,NotYet
62.0,-2.0,5.9,8.0,0.2,NotYet
62.0,-2.0,5.9,8.0,0.4,NotYet
62.0,-2.0,5.9,8.0,0.6,NotYet
62.0,-2.0,5.9,8.0,0.8,NotYet
62.0,-2.0,5.9,8.0,1.0,NotYet
62.0,0.0,6.0,8.0,-1.0,NotYet
62.0,0.0,6.0,8.0,-0.8,NotYet
62.0,0.0,6.0,8.0,-0.6,NotYet
62.0,0.0,6.0,8.0,-0.4,NotYet
62.0,0.0,6.0,8.0,-0.2,NotYet
62.0,0.0,6.0,8.0,0.0,NotYet
62.0,0.0,6.0,8.0,0.2,NotYet
62.0,0.0,6.0,8.0,0.4,NotYet
62.0,0.0,6.0,8.0,0.6,NotYet
62.0,0.0,6.0,8.0,0.8,NotYet
62.0,0.0,6.0,8.0,1.0,NotYet
62.0,2.0,6.1,8.0,-1.0,NotYet
62.0,2.0,6.1,8.0,-0.8,NotYet
62.0,2.0,6.1,8.0,-0.6,NotYet
62.0,2.0,6.1,8.0,-0.4,NotYet
62.0,2.0,6.1,8.0,-0.2,NotYet
62.0,2.0,6.1,8.0,0.0,NotYet
62.0,2.0,6.1,8.0,0.2,NotYet
62.0,2.0,6.1,8.0,0.4,NotYet
62.0,2.0,6.1,8.0,0.6,NotYet
62.0,2.0,6.1,8.0,0.8,NotYet
62.0,2.0,6.1,8.0,1.0,NotYet
62.0,4.0,6.2,8.0,-1.0,NotYet
62.0,4.0,6.2,8.0,-0.8,NotYet
62.0,4.0,6.2,8.0,-0.6,NotYet
62.0,4.0,6.2,8.0,-0.4,NotYet
62.0,4.0,6.2,8.0,-0.2,NotYet
62.0,4.0,6.2,8.0,0.0,NotYet
62.0,4.0,6.2,8.0,0.2,NotYet
62.0,4.0,6.2,8.0,0.4,NotYet
62.0,4.0,6.2,8.0,0.6,NotYet
62.0,4.0,6.2,8.0,0.8,NotYet
62.0,4.0,6.2,8.0,1.0,NotYet
62.0,6.0,6.3,8.1,-1.0,NotYet
62.0,6.0,6.3,8.1,-0.8,NotYet
62.0,6.0,6.3,8.1,-0.6,NotYet
62.0,6.0,6.3,8.1,-0.4,NotYet
62.0,6.0,6.3,8.1,-0.2,NotYet
62.0,6.0,6.3,8.1,0.0,NotYet
62.0,6.0,6.3,8.1,0.2,NotYet
62.0,6.0,6.3,8.1,0.4,NotYet
62.0,6.0,6.3,8.1,0.6,NotYet
62.0,6.0,6.3,8.1,0.8,NotYet
62.0,6.0,6.3,8.1,1.0,NotYet
62.0,8.0,6.3,8.2,-1.0,NotYet
62.0,8.0,6.3,8.2,-0.8,NotYet
62.0,8.0,6.3,8.2,-0.6,NotYet
62.0,8.0,6.4,8.2,-0.4,NotYet
62.0,8.0,6.4,8.2,-0.2,NotYet
62.0,8.0,6.4,8.2,0.0,NotYet
62.0,8.0,6.4,8.2,0.2,NotYet
62.0,8.0,6.4,8.2,0.4,NotYet
62.0,8.0,6.4,8.2,0.6,NotYet
62.0,8.0,6.4,8.2,0.8,NotYet
62.0,8.0,6.3,8.2,1.0,NotYet
62.0,10.0,6.4,8.3,-1.0,NotYet
62.0,10.0,6.4,8.3,-0.8,NotYet
62.0,10.0,6.4,8.3,-0.6,NotYet
62.0,10.0,6.4,8.3,-0.4,NotYet
62.0,10.0,6.4,8.3,-0.2,NotYet
62.0,10.0,6.4,8.3,0.0,NotYet
62.0,10.0,6.4,8.3,0.2,NotYet
62.0,10.0,6.4,8.3,0.4,NotYet
62.0,10.0,6.4,8.3,0.6,NotYet
62.0,10.0,6.4,8.3,0.8,NotYet
62.0,10.0,6.4,8.3,1.0,NotYet
63.0,-10.0,6.0,8.1,-1.0,NotYet
63.0,-10.0,6.0,8.1,-0.8,NotYet
63.0,-10.0,6.0,8.1,-0.6,NotYet
63.0,-10.0,6.0,8.1,-0.4,NotYet
63.0,-10.0,6.0,8.1,-0.2,NotYet
63.0,-10.0,6.0,8.1,0.0,NotYet
63.0,-10.0,5.9,8.1,0.2,NotYet
63.0,-10.0,5.9,8.1,0.4,NotYet
63.0,-10.0,5.9,8.1,0.6,NotYet
63.0,-10.0,5.9,8.1,0.8,NotYet
63.0,-10.0,5.9,8.1,1.0,NotYet
63.0,-8.0,5.9,8.0,-1.0,NotYet
63.0,-8.0,5.9,8.0,-0.8,NotYet
63.0,-8.0,5.9,8.0,-0.6,NotYet
63.0,-8.0,5.9,8.0,-0.4,NotYet
63.0,-8.0,5.9,8.0,-0.2,NotYet
63.0,-8.0,5.9,8.0,0.0,NotYet
63.0,-8.0,5.9,8.0,0.2,NotYet
63.0,-8.0,5.9,8.0,0.4,NotYet
63.0,-8.0,5.9,8.0,0.6,NotYet
63.0,-8.0,5.9,8.0,0.8,NotYet
63.0,-8.0,5.9,8.0,1.0,NotYet
63.0,-6.0,5.9,8.0,-1.0,NotYet
63.0,-6.0,5.9,8.0,-0.8,NotYet
63.0,-6.0,5.9,8.0,-0.6,NotYet
63.0,-6.0,5.9,8.0,-0.4,NotYet
63.0,-6.0,5.9,8.0,-0.2,NotYet
63.0,-6.0,5.9,8.0,0.0,NotYet
63.0,-6.0,5.9,8.0,0.2,NotYet
63.0,-6.0,5.9,8.0,0.4,NotYet
63.0,-6.0,5.9,8.0,0.6,NotYet
63.0,-6.0,5.9,8.0,0.8,NotYet
63.0,-6.0,5.9,8.0,1.0,NotYet
63.0,-4.0,5.9,7.9,-1.0,NotYet
63.0,-4.0,5.9,7.9,-0.8,NotYet
63.0,-4.0,5.9,7.9,-0.6,NotYet
63.0,-4.0,5.9,7.9,-0.4,NotYet
63.0,-4.0,5.9,7.9,-0.2,NotYet
63.0,-4.0,5.9,7.9,0.0,NotYet
63.0,-4.0,5.9,7.9,0.2,NotYet
63.0,-4.0,5.9,7.9,0.4,NotYet
63.0,-4.0,5.9,7.9,0.6,NotYet
63.0,-4.0,5.9,7.9,0.8,NotYet
63.0,-4.0,5.9,7.9,1.0,NotYet
63.0,-2.0,6.0,7.9,-1.0,NotYet
63.0,-2.0,6.0,7.9,-0.8,NotYet
63.0,-2.0,6.0,7.9,-0.6,NotYet
63.0,-2.0,6.0,7.9,-0.4,NotYet
63.0,-2.0,6.0,7.9,-0.2,NotYet
63.0,-2.0,6.0,7.9,0.0,NotYet
63.0,-2.0,6.0,7.9,0.2,NotYet
63.0,-2.0,6.0,7.9,0.4,NotYet
63.0,-2.0,6.0,7.9,0.6,NotYet
63.0,-2.0,6.0,7.9,0.8,NotYet
63.0,-2.0,6.0,7.9,1.0,NotYet
63.0,0.0,6.1,7.9,-1.0,NotYet
63.0,0.0,6.1,7.9,-0.8,NotYet
63.0,0.0,6.1,7.9,-0.6,NotYet
63.0,0.0,6.1,7.9,-0.4,NotYet
63.0,0.0,6.1,7.8,-0.2,NotYet
63.0,0.0,6.1,7.8,0.0,NotYet
63.0,0.0,6.1,7.8,0.2,NotYet
63.0,0.0,6.1,7.8,0.4,NotYet
63.0,0.0,6.1,7.8,0.6,NotYet
63.0,0.0,6.1,7.8,0.8,NotYet
63.0,0.0,6.1,7.8,1.0,NotYet
63.0,2.0,6.2,7.9,-1.0,NotYet
63.0,2.0,6.2,7.9,-0.8,NotYet
63.0,2.0,6.2,7.9,-0.6,NotYet
63.0,2.0,6.2,7.9,-0.4,NotYet
63.0,2.0,6.2,7.9,-0.2,NotYet
63.0,2.0,6.2,7.8,0.0,NotYet
63.0,2.0,6.2,7.8,0.2,NotYet
63.0,2.0,6.2,7.8,0.4,NotYet
63.0,2.0,6.2,7.8,0.6,NotYet
63.0,2.0,6.2,7.9,0.8,NotYet
63.0,2.0,6.2,7.9,1.0,NotYet
63.0,4.0,6.3,7.9,-1.0,NotYet
63.0,4.0,6.3,7.9,-0.8,NotYet
63.0,4.0,6.3,7.9,-0.6,NotYet
63.0,4.0,6.3,7.9,-0.4,NotYet
63.0,4.0,6.3,7.9,-0.2,NotYet
63.0,4.0,6.3,7.9,0.0,NotYet
63.0,4.0,6.3,7.9,0.2,NotYet
63.0,4.0,6.3,7.9,0.4,NotYet
63.0,4.0,6.3,7.9,0.6,NotYet
63.0,4.0,6.3,7.9,0.8,NotYet
63.0,4.0,6.3,7.9,1.0,NotYet
63.0,6.0,6.4,8.0,-1.0,NotYet
63.0,6.0,6.4,8.0,-0.8,NotYet
63.0,6.0,6.4,8.0,-0.6,NotYet
63.0,6.0,6.4,8.0,-0.4,NotYet
63.0,6.0,6.4,7.9,-0.2,NotYet
63.0,6.0,6.4,7.9,0.0,NotYet
63.0,6.0,6.4,7.9,0.2,NotYet
63.0,6.0,6.4,7.9,0.4,NotYet
63.0,6.0,6.4,7.9,0.6,NotYet
63.0,6.0,6.4,8.0,0.8,NotYet
63.0,6.0,6.4,8.0,1.0,NotYet
63.0,8.0,6.4,8.1,-1.0,NotYet
63.0,8.0,6.4,8.1,-0.8,NotYet
63.0,8.0,6.4,8.1,-0.6,NotYet
63.0,8.0,6.5,8.0,-0.4,NotYet
63.0,8.0,6.5,8.0,-0.2,NotYet
63.0,8.0,6.5,8.0,0.0,NotYet
63.0,8.0,6.5,8.0,0.2,NotYet
63.0,8.0,6.5,8.0,0.4,NotYet
63.0,8.0,6.5,8.0,0.6,NotYet
63.0,8.0,6.4,8.1,0.8,NotYet
63.0,8.0,6.4,8.1,1.0,NotYet
63.0,10.0,6.5,8.2,-1.0,NotYet
63.0,10.0,6.5,8.2,-0.8,NotYet
63.0,10.0,6.5,8.2,-0.6,NotYet
63.0,10.0,6.5,8.2,-0.4,NotYet
63.0,10.0,6.5,8.2,-0.2,NotYet
63.0,10.0,6.5,8.2,0.0,NotYet
63.0,10.0,6.5,8.2,0.2,NotYet
63.0,10.0,6.5,8.2,0.4,NotYet
63.0,10.0,6.5,8.2,0.6,NotYet
63.0,10.0,6.5,8.2,0.8,NotYet
63.0,10.0,6.5,8.2,1.0,NotYet
64.0,-10.0,6.1,7.9,-1.0,NotYet
64.0,-10.0,6.1,7.9,-0.8,NotYet
64.0,-10.0,6.0,8.0,-0.6,NotYet
64.0,-10.0,6.0,8.0,-0.4,NotYet
64.0,-10.0,6.0,8.0,-0.2,NotYet
64.0,-10.0,6.0,8.0,0.0,NotYet
64.0,-10.0,6.0,8.0,0.2,NotYet
64.0,-10.0,6.0,8.0,0.4,NotYet
64.0,-10.0,6.0,8.0,0.6,NotYet
64.0,-10.0,6.0,8.0,0.8,NotYet
64.0,-10.0,6.0,8.0,1.0,NotYet
64.0,-8.0,6.0,7.9,-1.0,NotYet
64.0,-8.0,6.0,7.9,-0.8,NotYet
64.0,-8.0,6.0,7.9,-0.6,NotYet
64.0,-8.0,6.0,7.9,-0.4,NotYet
64.0,-8.0,6.0,7.9,-0.2,NotYet
64.0,-8.0,6.0,7.9,0.0,NotYet
64.0,-8.0,6.0,7.9,0.2,NotYet
64.0,-8.0,6.0,7.9,0.4,NotYet
64.0,-8.0,6.0,7.9,0.6,NotYet
64.0,-8.0,6.0,7.9,0.8,NotYet
64.0,-8.0,6.0,7.9,1.0,NotYet
64.0,-6.0,6.0,7.8,-1.0,NotYet
64.0,-6.0,6.0,7.9,-0.8,NotYet
64.0,-6.0,6.0,7.9,-0.6,NotYet
64.0,-6.0,6.0,7.9,-0.4,NotYet
64.0,-6.0,6.0,7.9,-0.2,NotYet
64.0,-6.0,6.0,7.8,0.0,NotYet
64.0,-6.0,6.0,7.8,0.2,NotYet
64.0,-6.0,6.0,7.8,0.4,NotYet
64.0,-6.0,6.0,7.8,0.6,NotYet
64.0,-6.0,6.0,7.8,0.8,NotYet
64.0,-6.0,6.0,7.8,1.0,NotYet
64.0,-4.0,6.0,7.8,-1.0,NotYet
64.0,-4.0,6.0,7.8,-0.8,NotYet
64.0,-4.0,6.0,7.8,-0.6,NotYet
64.0,-4.0,6.0,7.8,-0.4,NotYet
64.0,-4.0,6.0,7.8,-0.2,NotYet
64.0,-4.0,6.0,7.8,0.0,NotYet
64.0,-4.0,6.0,7.8,0.2,NotYet
64.0,-4.0,6.0,7.8,0.4,NotYet
64.0,-4.0,6.0,7.8,0.6,NotYet
64.0,-4.0,6.0,7.8,0.8,NotYet
64.0,-4.0,6.0,7.8,1.0,NotYet
64.0,-2.0,6.1,7.8,-1.0,NotYet
64.0,-2.0,6.1,7.8,-0.8,NotYet
64.0,-2.0,6.1,7.8,-0.6,NotYet
64.0,-2.0,6.1,7.8,-0.4,NotYet
64.0,-2.0,6.1,7.8,-0.2,NotYet
64.0,-2.0,6.1,7.7,0.0,NotYet
64.0,-2.0,6.1,7.7,0.2,NotYet
64.0,-2.0,6.1,7.7,0.4,NotYet
64.0,-2.0,6.1,7.7,0.6,NotYet
64.0,-2.0,6.1,7.7,0.8,NotYet
64.0,-2.0,6.1,7.8,1.0,NotYet
64.0,0.0,6.1,7.8,-1.0,NotYet
64.0,0.0,6.1,7.8,-0.8,NotYet
64.0,0.0,6.1,7.8,-0.6,NotYet
64.0,0.0,6.1,7.8,-0.4,NotYet
64.0,0.0,6.2,7.7,-0.2,NotYet
64.0,0.0,6.2,7.7,0.0,NotYet
64.0,0.0,6.2,7.7,0.2,NotYet
64.0,0.0,6.2,7.7,0.4,NotYet
64.0,0.0,6.2,7.7,0.6,NotYet
64.0,0.0,6.2,7.7,0.8,NotYet
64.0,0.0,6.2,7.7,1.0,NotYet
64.0,2.0,6.2,7.8,-1.0,NotYet
64.0,2.0,6.2,7.8,-0.8,NotYet
64.0,2.0,6.2,7.8,-0.6,NotYet
64.0,2.0,6.2,7.8,-0.4,NotYet
64.0,2.0,6.3,7.7,-0.2,NotYet
64.0,2.0,6.3,7.7,0.0,NotYet
64.0,2.0,6.3,7.7,0.2,NotYet
64.0,2.0,6.3,7.7,0.4,NotYet
64.0,2.0,6.3,7.7,0.6,NotYet
64.0,2.0,6.3,7.7,0.8,NotYet
64.0,2.0,6.2,7.8,1.0,NotYet
64.0,4.0,6.4,7.8,-1.0,NotYet
64.0,4.0,6.4,7.8,-0.8,NotYet
64.0,4.0,6.4,7.8,-0.6,NotYet
64.0,4.0,6.4,7.8,-0.4,NotYet
64.0,4.0,6.4,7.8,-0.2,NotYet
64.0,4.0,6.4,7.8,0.0,NotYet
64.0,4.0,6.4,7.8,0.2,NotYet
64.0,4.0,6.4,7.8,0.4,NotYet
64.0,4.0,6.4,7.8,0.6,NotYet
64.0,4.0,6.4,7.8,0.8,NotYet
64.0,4.0,6.4,7.8,1.0,NotYet
64.0,6.0,6.4,7.9,-1.0,NotYet
64.0,6.0,6.4,7.9,-0.8,NotYet
64.0,6.0,6.4,7.9,-0.6,NotYet
64.0,6.0,6.5,7.8,-0.4,NotYet
64.0,6.0,6.5,7.8,-0.2,NotYet
64.0,6.0,6.5,7.8,0.0,NotYet
64.0,6.0,6.5,7.8,0.2,NotYet
64.0,6.0,6.5,7.8,0.4,NotYet
64.0,6.0,6.5,7.8,0.6,NotYet
64.0,6.0,6.5,7.8,0.8,NotYet
64.0,6.0,6.4,7.9,1.0,NotYet
64.0,8.0,6.5,8.0,-1.0,NotYet
64.0,8.0,6.5,8.0,-0.8,NotYet
64.0,8.0,6.5,8.0,-0.6,NotYet
64.0,8.0,6.6,7.9,-0.4,NotYet
64.0,8.0,6.6,7.9,-0.2,NotYet
64.0,8.0,6.6,7.9,0.0,NotYet
64.0,8.0,6.6,7.9,0.2,NotYet
64.0,8.0,6.6,7.9,0.4,NotYet
64.0,8.0,6.6,7.9,0.6,NotYet
64.0,8.0,6.5,8.0,0.8,NotYet
64.0,8.0,6.5,8.0,1.0,NotYet
64.0,10.0,6.6,8.0,-1.0,NotYet
64.0,10.0,6.6,8.0,-0.8,NotYet
64.0,10.0,6.6,8.0,-0.6,NotYet
64.0,10.0,6.6,8.0,-0.4,NotYet
64.0,10.0,6.7,8.0,-0.2,NotYet
64.0,10.0,6.7,8.0,0.0,NotYet
64.0,10.0,6.7,8.0,0.2,NotYet
64.0,10.0,6.6,8.1,0.4,NotYet
64.0,10.0,6.6,8.0,0.6,NotYet
64.0,10.0,6.6,8.0,0.8,NotYet
64.0,10.0,6.6,8.0,1.0,NotYet
65.0,-10.0,6.1,7.9,-1.0,NotYet
65.0,-10.0,6.1,7.9,-0.8,NotYet
65.0,-10.0,6.1,7.9,-0.6,NotYet
65.0,-10.0,6.1,7.9,-0.4,NotYet
65.0,-10.0,6.1,7.9,-0.2,NotYet
65.0,-10.0,6.1,7.9,0.0,NotYet
65.0,-10.0,6.1,7.9,0.2,NotYet
65.0,-10.0,6.1,7.9,0.4,NotYet
65.0,-10.0,6.1,7.9,0.6,NotYet
65.0,-10.0,6.1,7.9,0.8,NotYet
65.0,-10.0,6.1,7.9,1.0,NotYet
65.0,-8.0,6.1,7.8,-1.0,NotYet
65.0,-8.0,6.1,7.8,-0.8,NotYet
65.0,-8.0,6.1,7.8,-0.6,NotYet
65.0,-8.0,6.1,7.8,-0.4,NotYet
65.0,-8.0,6.1,7.8,-0.2,NotYet
65.0,-8.0,6.1,7.8,0.0,NotYet
65.0,-8.0,6.1,7.8,0.2,NotYet
65.0,-8.0,6.1,7.8,0.4,NotYet
65.0,-8.0,6.1,7.8,0.6,NotYet
65.0,-8.0,6.1,7.8,0.8,NotYet
65.0,-8.0,6.1,7.8,1.0,NotYet
65.0,-6.0,6.0,7.8,-1.0,NotYet
65.0,-6.0,6.0,7.8,-0.8,NotYet
65.0,-6.0,6.0,7.8,-0.6,NotYet
65.0,-6.0,6.0,7.8,-0.4,NotYet
65.0,-6.0,6.0,7.8,-0.2,NotYet
65.0,-6.0,6.0,7.8,0.0,NotYet
65.0,-6.0,6.0,7.8,0.2,NotYet
65.0,-6.0,6.1,7.7,0.4,NotYet
65.0,-6.0,6.1,7.7,0.6,NotYet
65.0,-6.0,6.1,7.7,0.8,NotYet
65.0,-6.0,6.1,7.7,1.0,NotYet
65.0,-4.0,6.1,7.7,-1.0,NotYet
65.0,-4.0,6.1,7.7,-0.8,NotYet
65.0,-4.0,6.1,7.7,-0.6,NotYet
65.0,-4.0,6.1,7.7,-0.4,NotYet
65.0,-4.0,6.1,7.7,-0.2,NotYet
65.0,-4.0,6.1,7.7,0.0,NotYet
65.0,-4.0,6.1,7.7,0.2,NotYet
65.0,-4.0,6.1,7.7,0.4,NotYet
65.0,-4.0,6.1,7.7,0.6,NotYet
65.0,-4.0,6.1,7.7,0.8,NotYet
65.0,-4.0,6.1,7.7,1.0,NotYet
65.0,-2.0,6.1,7.7,-1.0,NotYet
65.0,-2.0,6.1,7.7,-0.8,NotYet
65.0,-2.0,6.1,7.7,-0.6,NotYet
65.0,-2.0,6.1,7.7,-0.4,NotYet
65.0,-2.0,6.1,7.7,-0.2,NotYet
65.0,-2.0,6.1,7.7,0.0,NotYet
65.0,-2.0,6.1,7.7,0.2,NotYet
65.0,-2.0,6.1,7.7,0.4,NotYet
65.0,-2.0,6.1,7.7,0.6,NotYet
65.0,-2.0,6.1,7.7,0.8,NotYet
65.0,-2.0,6.1,7.7,1.0,NotYet
65.0,0.0,6.2,7.7,-1.0,NotYet
65.0,0.0,6.2,7.7,-0.8,NotYet
65.0,0.0,6.2,7.7,-0.6,NotYet
65.0,0.0,6.2,7.7,-0.4,NotYet
65.0,0.0,6.2,7.7,-0.2,NotYet
65.0,0.0,6.2,7.7,0.0,NotYet
65.0,0.0,6.2,7.7,0.2,NotYet
65.0,0.0,6.2,7.7,0.4,NotYet
65.0,0.0,6.2,7.7,0.6,NotYet
65.0,0.0,6.2,7.7,0.8,NotYet
65.0,0.0,6.2,7.7,1.0,NotYet
65.0,2.0,6.3,7.7,-1.0,NotYet
65.0,2.0,6.3,7.7,-0.8,NotYet
65.0,2.0,6.3,7.7,-0.6,NotYet
65.0,2.0,6.3,7.7,-0.4,NotYet
65.0,2.0,6.3,7.7,-0.2,NotYet
65.0,2.0,6.3,7.7,0.0,NotYet
65.0,2.0,6.4,7.6,0.2,NotYet
65.0,2.0,6.3,7.7,0.4,NotYet
65.0,2.0,6.3,7.7,0.6,NotYet
65.0,2.0,6.3,7.7,0.8,NotYet
65.0,2.0,6.3,7.7,1.0,NotYet
65.0,4.0,6.4,7.7,-1.0,NotYet
65.0,4.0,6.4,7.7,-0.8,NotYet
65.0,4.0,6.4,7.7,-0.6,NotYet
65.0,4.0,6.4,7.7,-0.4,NotYet
65.0,4.0,6.4,7.7,-0.2,NotYet
65.0,4.0,6.4,7.7,0.0,NotYet
65.0,4.0,6.4,7.7,0.2,NotYet
65.0,4.0,6.4,7.7,0.4,NotYet
65.0,4.0,6.4,7.7,0.6,NotYet
65.0,4.0,6.4,7.7,0.8,NotYet
65.0,4.0,6.4,7.7,1.0,NotYet
65.0,6.0,6.5,7.8,-1.0,NotYet
65.0,6.0,6.5,7.8,-0.8,NotYet
65.0,6.0,6.5,7.8,-0.6,NotYet
65.0,6.0,6.6,7.7,-0.4,NotYet
65.0,6.0,6.6,7.7,-0.2,NotYet
65.0,6.0,6.6,7.7,0.0,NotYet
65.0,6.0,6.6,7.7,0.2,NotYet
65.0,6.0,6.6,7.7,0.4,NotYet
65.0,6.0,6.6,7.7,0.6,NotYet
65.0,6.0,6.5,7.8,0.8,NotYet
65.0,6.0,6.5,7.8,1.0,NotYet
65.0,8.0,6.6,7.9,-1.0,NotYet
65.0,8.0,6.6,7.9,-0.8,NotYet
65.0,8.0,6.6,7.8,-0.6,NotYet
65.0,8.0,6.6,7.8,-0.4,NotYet
65.0,8.0,6.6,7.8,-0.2,NotYet
65.0,8.0,6.7,7.8,0.0,NotYet
65.0,8.0,6.7,7.8,0.2,NotYet
65.0,8.0,6.7,7.8,0.4,NotYet
65.0,8.0,6.6,7.8,0.6,NotYet
65.0,8.0,6.6,7.8,0.8,NotYet
65.0,8.0,6.6,7.8,1.0,NotYet
65.0,10.0,6.7,7.9,-1.0,NotYet
65.0,10.0,6.7,7.9,-0.8,NotYet
65.0,10.0,6.7,7.9,-0.6,NotYet
65.0,10.0,6.7,7.9,-0.4,NotYet
65.0,10.0,6.7,7.9,-0.2,NotYet
65.0,10.0,6.7,7.9,0.0,NotYet
65.0,10.0,6.7,7.9,0.2,NotYet
65.0,10.0,6.7,7.9,0.4,NotYet
65.0,10.0,6.7,7.9,0.6,NotYet
65.0,10.0,6.7,7.9,0.8,NotYet
65.0,10.0,6.7,7.9,1.0,NotYet
66.0,-10.0,6.2,7.7,-1.0,NotYet
66.0,-10.0,6.2,7.8,-0.8,NotYet
66.0,-10.0,6.2,7.8,-0.6,NotYet
66.0,-10.0,6.2,7.8,-0.4,NotYet
66.0,-10.0,6.2,7.8,-0.2,NotYet
66.0,-10.0,6.2,7.8,0.0,NotYet
66.0,-10.0,6.2,7.8,0.2,NotYet
66.0,-10.0,6.2,7.8,0.4,NotYet
66.0,-10.0,6.2,7.7,0.6,NotYet
66.0,-10.0,6.2,7.7,0.8,NotYet
66.0,-10.0,6.2,7.7,1.0,NotYet
66.0,-8.0,6.1,7.7,-1.0,NotYet
66.0,-8.0,6.1,7.7,-0.8,NotYet
66.0,-8.0,6.1,7.7,-0.6,NotYet
66.0,-8.0,6.1,7.7,-0.4,NotYet
66.0,-8.0,6.1,7.7,-0.2,NotYet
66.0,-8.0,6.1,7.7,0.0,NotYet
66.0,-8.0,6.1,7.7,0.2,NotYet
66.0,-8.0,6.1,7.7,0.4,NotYet
66.0,-8.0,6.1,7.7,0.6,NotYet
66.0,-8.0,6.1,7.7,0.8,NotYet
66.0,-8.0,6.1,7.7,1.0,NotYet
66.0,-6.0,6.1,7.7,-1.0,NotYet
66.0,-6.0,6.1,7.7,-0.8,NotYet
66.0,-6.0,6.1,7.7,-0.6,NotYet
66.0,-6.0,6.1,7.7,-0.4,NotYet
66.0,-6.0,6.1,7.7,-0.2,NotYet
66.0,-6.0,6.1,7.7,0.0,NotYet
66.0,-6.0,6.1,7.7,0.2,NotYet
66.0,-6.0,6.1,7.7,0.4,NotYet
66.0,-6.0,6.1,7.7,0.6,NotYet
66.0,-6.0,6.1,7.7,0.8,NotYet
66.0,-6.0,6.1,7.7,1.0,NotYet
66.0,-4.0,6.1,7.7,-1.0,NotYet
66.0,-4.0,6.1,7.7,-0.8,NotYet
66.0,-4.0,6.1,7.7,-0.6,NotYet
66.0,-4.0,6.1,7.7,-0.4,NotYet
66.0,-4.0,6.1,7.6,-0.2,NotYet
66.0,-4.0,6.1,7.6,0.0,NotYet
66.0,-4.0,6.1,7.6,0.2,NotYet
66.0,-4.0,6.1,7.6,0.4,NotYet
66.0,-4.0,6.1,7.6,0.6,NotYet
66.0,-4.0,6.1,7.6,0.8,NotYet
66.0,-4.0,6.1,7.6,1.0,NotYet
66.0,-2.0,6.2,7.6,-1.0,NotYet
66.0,-2.0,6.2,7.6,-0.8,NotYet
66.0,-2.0,6.2,7.6,-0.6,NotYet
66.0,-2.0,6.2,7.6,-0.4,NotYet
66.0,-2.0,6.2,7.6,-0.2,NotYet
66.0,-2.0,6.2,7.6,0.0,NotYet
66.0,-2.0,6.2,7.6,0.2,NotYet
66.0,-2.0,6.2,7.6,0.4,NotYet
66.0,-2.0,6.2,7.6,0.6,NotYet
66.0,-2.0,6.2,7.6,0.8,NotYet
66.0,-2.0,6.2,7.6,1.0,NotYet
66.0,0.0,6.3,7.6,-1.0,NotYet
66.0,0.0,6.3,7.6,-0.8,NotYet
66.0,0.0,6.3,7.6,-0.6,NotYet
66.0,0.0,6.3,7.6,-0.4,NotYet
66.0,0.0,6.3,7.6,-0.2,NotYet
66.0,0.0,6.3,7.6,0.0,NotYet
66.0,0.0,6.3,7.6,0.2,NotYet
66.0,0.0,6.3,7.6,0.4,NotYet
66.0,0.0,6.3,7.6,0.6,NotYet
66.0,0.0,6.3,7.6,0.8,NotYet
66.0,0.0,6.3,7.6,1.0,NotYet
66.0,2.0,6.4,7.6,-1.0,NotYet
66.0,2.0,6.4,7.6,-0.8,NotYet
66.0,2.0,6.4,7.6,-0.6,NotYet
66.0,2.0,6.4,7.6,-0.4,NotYet
66.0,2.0,6.4,7.6,-0.2,NotYet
66.0,2.0,6.4,7.6,0.0,NotYet
66.0,2.0,6.4,7.6,0.2,NotYet
66.0,2.0,6.4,7.6,0.4,NotYet
66.0,2.0,6.4,7.6,0.6,NotYet
66.0,2.0,6.4,7.6,0.8,NotYet
66.0,2.0,6.4,7.6,1.0,NotYet
66.0,4.0,6.5,7.6,-1.0,NotYet
66.0,4.0,6.5,7.6,-0.8,NotYet
66.0,4.0,6.5,7.6,-0.6,NotYet
66.0,4.0,6.5,7.6,-0.4,NotYet
66.0,4.0,6.5,7.6,-0.2,NotYet
66.0,4.0,6.5,7.6,0.0,NotYet
66.0,4.0,6.5,7.6,0.2,NotYet
66.0,4.0,6.5,7.6,0.4,NotYet
66.0,4.0,6.5,7.6,0.6,NotYet
66.0,4.0,6.5,7.6,0.8,NotYet
66.0,4.0,6.5,7.6,1.0,NotYet
66.0,6.0,6.6,7.7,-1.0,NotYet
66.0,6.0,6.6,7.7,-0.8,NotYet
66.0,6.0,6.6,7.7,-0.6,NotYet
66.0,6.0,6.6,7.7,-0.4,NotYet
66.0,6.0,6.6,7.6,-0.2,NotYet
66.0,6.0,6.6,7.6,0.0,NotYet
66.0,6.0,6.6,7.6,0.2,NotYet
66.0,6.0,6.6,7.6,0.4,NotYet
66.0,6.0,6.6,7.7,0.6,NotYet
66.0,6.0,6.6,7.7,0.8,NotYet
66.0,6.0,6.6,7.7,1.0,NotYet
66.0,8.0,6.7,7.8,-1.0,NotYet
66.0,8.0,6.7,7.7,-0.8,NotYet
66.0,8.0,6.7,7.7,-0.6,NotYet
66.0,8.0,6.7,7.7,-0.4,NotYet
66.0,8.0,6.7,7.7,-0.2,NotYet
66.0,8.0,6.7,7.7,0.0,NotYet
66.0,8.0,6.7,7.7,0.2,NotYet
66.0,8.0,6.7,7.7,0.4,NotYet
66.0,8.0,6.7,7.7,0.6,NotYet
66.0,8.0,6.7,7.7,0.8,NotYet
66.0,8.0,6.7,7.7,1.0,NotYet
66.0,10.0,6.8,7.8,-1.0,NotYet
66.0,10.0,6.8,7.8,-0.8,NotYet
66.0,10.0,6.8,7.8,-0.6,NotYet
66.0,10.0,6.8,7.8,-0.4,NotYet
66.0,10.0,6.8,7.8,-0.2,NotYet
66.0,10.0,6.8,7.8,0.0,NotYet
66.0,10.0,6.8,7.8,0.2,NotYet
66.0,10.0,6.8,7.8,0.4,NotYet
66.0,10.0,6.8,7.8,0.6,NotYet
66.0,10.0,6.8,7.8,0.8,NotYet
66.0,10.0,6.7,7.9,1.0,NotYet
67.0,-10.0,6.3,7.6,-1.0,NotYet
67.0,-10.0,6.3,7.6,-0.8,NotYet
67.0,-10.0,6.3,7.7,-0.6,NotYet
67.0,-10.0,6.3,7.7,-0.4,NotYet
67.0,-10.0,6.3,7.7,-0.2,NotYet
67.0,-10.0,6.3,7.7,0.0,NotYet
67.0,-10.0,6.3,7.7,0.2,NotYet
67.0,-10.0,6.3,7.6,0.4,NotYet
67.0,-10.0,6.3,7.6,0.6,NotYet
67.0,-10.0,6.3,7.6,0.8,NotYet
67.0,-10.0,6.3,7.6,1.0,NotYet
67.0,-8.0,6.2,7.6,-1.0,NotYet
67.0,-8.0,6.2,7.6,-0.8,NotYet
67.0,-8.0,6.2,7.6,-0.6,NotYet
67.0,-8.0,6.2,7.6,-0.4,NotYet
67.0,-8.0,6.2,7.6,-0.2,NotYet
67.0,-8.0,6.2,7.6,0.0,NotYet
67.0,-8.0,6.2,7.6,0.2,NotYet
67.0,-8.0,6.2,7.6,0.4,NotYet
67.0,-8.0,6.2,7.6,0.6,NotYet
67.0,-8.0,6.2,7.6,0.8,NotYet
67.0,-8.0,6.2,7.6,1.0,NotYet
67.0,-6.0,6.2,7.6,-1.0,NotYet
67.0,-6.0,6.2,7.6,-0.8,NotYet
67.0,-6.0,6.2,7.6,-0.6,NotYet
67.0,-6.0,6.2,7.6,-0.4,NotYet
67.0,-6.0,6.2,7.6,-0.2,NotYet
67.0,-6.0,6.2,7.6,0.0,NotYet
67.0,-6.0,6.2,7.6,0.2,NotYet
67.0,-6.0,6.2,7.6,0.4,NotYet
67.0,-6.0,6.2,7.6,0.6,NotYet
67.0,-6.0,6.2,7.6,0.8,NotYet
67.0,-6.0,6.2,7.6,1.0,NotYet
67.0,-4.0,6.2,7.6,-1.0,NotYet
67.0,-4.0,6.2,7.6,-0.8,NotYet
67.0,-4.0,6.2,7.6,-0.6,NotYet
67.0,-4.0,6.2,7.5,-0.4,NotYet
67.0,-4.0,6.2,7.5,-0.2,NotYet
67.0,-4.0,6.2,7.5,0.0,NotYet
67.0,-4.0,6.2,7.5,0.2,NotYet
67.0,-4.0,6.2,7.5,0.4,NotYet
67.0,-4.0,6.2,7.5,0.6,NotYet
67.0,-4.0,6.2,7.5,0.8,NotYet
67.0,-4.0,6.2,7.5,1.0,NotYet
67.0,-2.0,6.3,7.5,-1.0,NotYet
67.0,-2.0,6.3,7.5,-0.8,NotYet
67.0,-2.0,6.3,7.5,-0.6,NotYet
67.0,-2.0,6.3,7.5,-0.4,NotYet
67.0,-2.0,6.3,7.5,-0.2,NotYet
67.0,-2.0,6.3,7.5,0.0,NotYet
67.0,-2.0,6.3,7.5,0.2,NotYet
67.0,-2.0,6.3,7.5,0.4,NotYet
67.0,-2.0,6.3,7.5,0.6,NotYet
67.0,-2.0,6.3,7.5,0.8,NotYet
67.0,-2.0,6.3,7.5,1.0,NotYet
67.0,0.0,6.4,7.5,-1.0,NotYet
67.0,0.0,6.4,7.5,-0.8,NotYet
67.0,0.0,6.4,7.5,-0.6,NotYet
67.0,0.0,6.4,7.5,-0.4,NotYet
67.0,0.0,6.4,7.5,-0.2,NotYet
67.0,0.0,6.4,7.5,0.0,NotYet
67.0,0.0,6.4,7.5,0.2,NotYet
67.0,0.0,6.4,7.5,0.4,NotYet
67.0,0.0,6.4,7.5,0.6,NotYet
67.0,0.0,6.4,7.5,0.8,NotYet
67.0,0.0,6.4,7.5,1.0,NotYet
67.0,2.0,6.5,7.5,-1.0,NotYet
67.0,2.0,6.5,7.5,-0.8,NotYet
67.0,2.0,6.5,7.5,-0.6,NotYet
67.0,2.0,6.5,7.5,-0.4,NotYet
67.0,2.0,6.5,7.5,-0.2,NotYet
67.0,2.0,6.5,7.5,0.0,NotYet
67.0,2.0,6.5,7.5,0.2,NotYet
67.0,2.0,6.5,7.5,0.4,NotYet
67.0,2.0,6.5,7.5,0.6,NotYet
67.0,2.0,6.5,7.5,0.8,NotYet
67.0,2.0,6.5,7.5,1.0,NotYet
67.0,4.0,6.6,7.5,-1.0,NotYet
67.0,4.0,6.6,7.5,-0.8,NotYet
67.0,4.0,6.6,7.5,-0.6,NotYet
67.0,4.0,6.6,7.5,-0.4,NotYet
67.0,4.0,6.6,7.5,-0.2,NotYet
67.0,4.0,6.6,7.5,0.0,NotYet
67.0,4.0,6.6,7.5,0.2,NotYet
67.0,4.0,6.6,7.5,0.4,NotYet
67.0,4.0,6.6,7.5,0.6,NotYet
67.0,4.0,6.6,7.5,0.8,NotYet
67.0,4.0,6.6,7.5,1.0,NotYet
67.0,6.0,6.7,7.6,-1.0,NotYet
67.0,6.0,6.7,7.6,-0.8,NotYet
67.0,6.0,6.7,7.6,-0.6,NotYet
67.0,6.0,6.7,7.6,-0.4,NotYet
67.0,6.0,6.7,7.5,-0.2,NotYet
67.0,6.0,6.7,7.5,0.0,NotYet
67.0,6.0,6.7,7.5,0.2,NotYet
67.0,6.0,6.7,7.5,0.4,NotYet
67.0,6.0,6.7,7.6,0.6,NotYet
67.0,6.0,6.7,7.6,0.8,NotYet
67.0,6.0,6.7,7.6,1.0,NotYet
67.0,8.0,6.8,7.6,-1.0,NotYet
67.0,8.0,6.8,7.6,-0.8,NotYet
67.0,8.0,6.8,7.6,-0.6,NotYet
67.0,8.0,6.8,7.6,-0.4,NotYet
67.0,8.0,6.8,7.6,-0.2,NotYet
67.0,8.0,6.8,7.6,0.0,NotYet
67.0,8.0,6.8,7.6,0.2,NotYet
67.0,8.0,6.8,7.6,0.4,NotYet
67.0,8.0,6.8,7.6,0.6,NotYet
67.0,8.0,6.8,7.6,0.8,NotYet
67.0,8.0,6.7,7.7,1.0,NotYet
67.0,10.0,6.8,7.7,-1.0,NotYet
67.0,10.0,6.9,7.7,-0.8,NotYet
67.0,10.0,6.9,7.7,-0.6,NotYet
67.0,10.0,6.9,7.7,-0.4,NotYet
67.0,10.0,6.9,7.7,-0.2,NotYet
67.0,10.0,6.9,7.7,0.0,NotYet
67.0,10.0,6.9,7.7,0.2,NotYet
67.0,10.0,6.9,7.7,0.4,NotYet
67.0,10.0,6.9,7.7,0.6,NotYet
67.0,10.0,6.8,7.7,0.8,NotYet
67.0,10.0,6.8,7.7,1.0,NotYet
68.0,-10.0,6.4,7.5,-1.0,NotYet
68.0,-10.0,6.4,7.5,-0.8,NotYet
68.0,-10.0,6.4,7.5,-0.6,NotYet
68.0,-10.0,6.3,7.6,-0.4,NotYet
68.0,-10.0,6.3,7.6,-0.2,NotYet
68.0,-10.0,6.3,7.6,0.0,NotYet
68.0,-10.0,6.3,7.6,0.2,NotYet
68.0,-10.0,6.4,7.5,0.4,NotYet
68.0,-10.0,6.4,7.5,0.6,NotYet
68.0,-10.0,6.4,7.5,0.8,NotYet
68.0,-10.0,6.4,7.5,1.0,NotYet
68.0,-8.0,6.3,7.5,-1.0,NotYet
68.0,-8.0,6.3,7.5,-0.8,NotYet
68.0,-8.0,6.3,7.5,-0.6,NotYet
68.0,-8.0,6.3,7.5,-0.4,NotYet
68.0,-8.0,6.3,7.5,-0.2,NotYet
68.0,-8.0,6.3,7.5,0.0,NotYet
68.0,-8.0,6.3,7.5,0.2,NotYet
68.0,-8.0,6.3,7.5,0.4,NotYet
68.0,-8.0,6.3,7.5,0.6,NotYet
68.0,-8.0,6.3,7.5,0.8,NotYet
68.0,-8.0,6.3,7.5,1.0,NotYet
68.0,-6.0,6.2,7.5,-1.0,NotYet
68.0,-6.0,6.2,7.5,-0.8,NotYet
68.0,-6.0,6.2,7.5,-0.6,NotYet
68.0,-6.0,6.2,7.5,-0.4,NotYet
68.0,-6.0,6.2,7.5,-0.2,NotYet
68.0,-6.0,6.2,7.5,0.0,NotYet
68.0,-6.0,6.2,7.5,0.2,NotYet
68.0,-6.0,6.2,7.5,0.4,NotYet
68.0,-6.0,6.2,7.5,0.6,NotYet
68.0,-6.0,6.2,7.5,0.8,NotYet
68.0,-6.0,6.2,7.5,1.0,NotYet
68.0,-4.0,6.2,7.5,-1.0,NotYet
68.0,-4.0,6.2,7.5,-0.8,NotYet
68.0,-4.0,6.2,7.5,-0.6,NotYet
68.0,-4.0,6.3,7.5,-0.4,NotYet
68.0,-4.0,6.3,7.4,-0.2,NotYet
68.0,-4.0,6.3,7.4,0.0,NotYet
68.0,-4.0,6.3,7.4,0.2,NotYet
68.0,-4.0,6.3,7.4,0.4,NotYet
68.0,-4.0,6.3,7.4,0.6,NotYet
68.0,-4.0,6.3,7.4,0.8,NotYet
68.0,-4.0,6.3,7.4,1.0,NotYet
68.0,-2.0,6.3,7.5,-1.0,NotYet
68.0,-2.0,6.3,7.5,-0.8,NotYet
68.0,-2.0,6.3,7.5,-0.6,NotYet
68.0,-2.0,6.3,7.4,-0.4,NotYet
68.0,-2.0,6.3,7.4,-0.2,NotYet
68.0,-2.0,6.3,7.4,0.0,NotYet
68.0,-2.0,6.3,7.4,0.2,NotYet
68.0,-2.0,6.3,7.4,0.4,NotYet
68.0,-2.0,6.3,7.4,0.6,NotYet
68.0,-2.0,6.3,7.4,0.8,NotYet
68.0,-2.0,6.3,7.4,1.0,NotYet
68.0,0.0,6.4,7.5,-1.0,NotYet
68.0,0.0,6.4,7.5,-0.8,NotYet
68.0,0.0,6.4,7.4,-0.6,NotYet
68.0,0.0,6.4,7.4,-0.4,NotYet
68.0,0.0,6.4,7.4,-0.2,NotYet
68.0,0.0,6.4,7.4,0.0,NotYet
68.0,0.0,6.4,7.4,0.2,NotYet
68.0,0.0,6.4,7.4,0.4,NotYet
68.0,0.0,6.4,7.4,0.6,NotYet
68.0,0.0,6.4,7.4,0.8,NotYet
68.0,0.0,6.4,7.4,1.0,NotYet
68.0,2.0,6.5,7.5,-1.0,NotYet
68.0,2.0,6.5,7.5,-0.8,NotYet
68.0,2.0,6.6,7.4,-0.6,NotYet
68.0,2.0,6.5,7.4,-0.4,NotYet
68.0,2.0,6.5,7.4,-0.2,NotYet
68.0,2.0,6.5,7.4,0.0,NotYet
68.0,2.0,6.5,7.4,0.2,NotYet
68.0,2.0,6.5,7.4,0.4,NotYet
68.0,2.0,6.5,7.4,0.6,NotYet
68.0,2.0,6.5,7.4,0.8,NotYet
68.0,2.0,6.5,7.5,1.0,NotYet
68.0,4.0,6.6,7.5,-1.0,NotYet
68.0,4.0,6.6,7.5,-0.8,NotYet
68.0,4.0,6.7,7.4,-0.6,NotYet
68.0,4.0,6.7,7.4,-0.4,NotYet
68.0,4.0,6.7,7.4,-0.2,NotYet
68.0,4.0,6.7,7.4,0.0,NotYet
68.0,4.0,6.7,7.4,0.2,NotYet
68.0,4.0,6.7,7.4,0.4,NotYet
68.0,4.0,6.7,7.4,0.6,NotYet
68.0,4.0,6.6,7.5,0.8,NotYet
68.0,4.0,6.6,7.5,1.0,NotYet
68.0,6.0,6.8,7.5,-1.0,NotYet
68.0,6.0,6.8,7.5,-0.8,NotYet
68.0,6.0,6.7,7.5,-0.6,NotYet
68.0,6.0,6.7,7.5,-0.4,NotYet
68.0,6.0,6.8,7.4,-0.2,NotYet
68.0,6.0,6.8,7.4,0.0,NotYet
68.0,6.0,6.8,7.4,0.2,NotYet
68.0,6.0,6.7,7.5,0.4,NotYet
68.0,6.0,6.7,7.5,0.6,NotYet
68.0,6.0,6.7,7.5,0.8,NotYet
68.0,6.0,6.7,7.5,1.0,NotYet
68.0,8.0,6.8,7.6,-1.0,NotYet
68.0,8.0,6.8,7.6,-0.8,NotYet
68.0,8.0,6.9,7.5,-0.6,NotYet
68.0,8.0,6.9,7.5,-0.4,NotYet
68.0,8.0,6.9,7.5,-0.2,NotYet
68.0,8.0,6.9,7.5,0.0,NotYet
68.0,8.0,6.9,7.5,0.2,NotYet
68.0,8.0,6.9,7.5,0.4,NotYet
68.0,8.0,6.8,7.6,0.6,NotYet
68.0,8.0,6.8,7.6,0.8,NotYet
68.0,8.0,6.8,7.6,1.0,NotYet
68.0,10.0,6.9,7.6,-1.0,NotYet
68.0,10.0,6.9,7.6,-0.8,NotYet
68.0,10.0,6.9,7.6,-0.6,NotYet
68.0,10.0,6.9,7.6,-0.4,NotYet
68.0,10.0,6.9,7.6,-0.2,NotYet
68.0,10.0,6.9,7.6,0.0,NotYet
68.0,10.0,6.9,7.6,0.2,NotYet
68.0,10.0,6.9,7.6,0.4,NotYet
68.0,10.0,6.9,7.6,0.6,NotYet
68.0,10.0,6.9,7.6,0.8,NotYet
68.0,10.0,6.9,7.6,1.0,NotYet
69.0,-10.0,6.4,7.5,-1.0,NotYet
69.0,-10.0,6.4,7.5,-0.8,NotYet
69.0,-10.0,6.4,7.5,-0.6,NotYet
69.0,-10.0,6.4,7.5,-0.4,NotYet
69.0,-10.0,6.4,7.5,-0.2,NotYet
69.0,-10.0,6.4,7.5,0.0,NotYet
69.0,-10.0,6.4,7.5,0.2,NotYet
69.0,-10.0,6.4,7.5,0.4,NotYet
69.0,-10.0,6.4,7.5,0.6,NotYet
69.0,-10.0,6.5,7.4,0.8,NotYet
69.0,-10.0,6.5,7.4,1.0,NotYet
69.0,-8.0,6.4,7.4,-1.0,NotYet
69.0,-8.0,6.4,7.4,-0.8,NotYet
69.0,-8.0,6.4,7.4,-0.6,NotYet
69.0,-8.0,6.4,7.4,-0.4,NotYet
69.0,-8.0,6.4,7.4,-0.2,NotYet
69.0,-8.0,6.4,7.4,0.0,NotYet
69.0,-8.0,6.4,7.4,0.2,NotYet
69.0,-8.0,6.4,7.4,0.4,NotYet
69.0,-8.0,6.4,7.4,0.6,NotYet
69.0,-8.0,6.4,7.4,0.8,NotYet
69.0,-8.0,6.4,7.4,1.0,NotYet
69.0,-6.0,6.3,7.4,-1.0,NotYet
69.0,-6.0,6.3,7.4,-0.8,NotYet
69.0,-6.0,6.3,7.4,-0.6,NotYet
69.0,-6.0,6.3,7.4,-0.4,NotYet
69.0,-6.0,6.3,7.4,-0.2,NotYet
69.0,-6.0,6.3,7.4,0.0,NotYet
69.0,-6.0,6.3,7.4,0.2,NotYet
69.0,-6.0,6.3,7.4,0.4,NotYet
69.0,-6.0,6.3,7.4,0.6,NotYet
69.0,-6.0,6.3,7.4,0.8,NotYet
69.0,-6.0,6.3,7.4,1.0,NotYet
69.0,-4.0,6.3,7.4,-1.0,NotYet
69.0,-4.0,6.3,7.4,-0.8,NotYet
69.0,-4.0,6.3,7.4,-0.6,NotYet
69.0,-4.0,6.3,7.4,-0.4,NotYet
69.0,-4.0,6.3,7.4,-0.2,NotYet
69.0,-4.0,6.3,7.4,0.0,NotYet
69.0,-4.0,6.3,7.4,0.2,NotYet
69.0,-4.0,6.3,7.4,0.4,NotYet
69.0,-4.0,6.3,7.4,0.6,NotYet
69.0,-4.0,6.3,7.4,0.8,NotYet
69.0,-4.0,6.3,7.4,1.0,NotYet
69.0,-2.0,6.4,7.4,-1.0,NotYet
69.0,-2.0,6.4,7.4,-0.8,NotYet
69.0,-2.0,6.4,7.4,-0.6,NotYet
69.0,-2.0,6.4,7.4,-0.4,NotYet
69.0,-2.0,6.4,7.3,-0.2,NotYet
69.0,-2.0,6.4,7.3,0.0,NotYet
69.0,-2.0,6.4,7.3,0.2,NotYet
69.0,-2.0,6.4,7.3,0.4,NotYet
69.0,-2.0,6.4,7.3,0.6,NotYet
69.0,-2.0,6.4,7.4,0.8,NotYet
69.0,-2.0,6.4,7.4,1.0,NotYet
69.0,0.0,6.5,7.4,-1.0,NotYet
69.0,0.0,6.5,7.4,-0.8,NotYet
69.0,0.0,6.5,7.4,-0.6,NotYet
69.0,0.0,6.5,7.3,-0.4,NotYet
69.0,0.0,6.5,7.3,-0.2,NotYet
69.0,0.0,6.5,7.3,0.0,NotYet
69.0,0.0,6.5,7.3,0.2,NotYet
69.0,0.0,6.5,7.3,0.4,NotYet
69.0,0.0,6.5,7.3,0.6,NotYet
69.0,0.0,6.5,7.3,0.8,NotYet
69.0,0.0,6.5,7.4,1.0,NotYet
69.0,2.0,6.6,7.4,-1.0,NotYet
69.0,2.0,6.6,7.4,-0.8,NotYet
69.0,2.0,6.6,7.4,-0.6,NotYet
69.0,2.0,6.6,7.3,-0.4,NotYet
69.0,2.0,6.6,7.3,-0.2,NotYet
69.0,2.0,6.6,7.3,0.0,NotYet
69.0,2.0,6.6,7.3,0.2,NotYet
69.0,2.0,6.6,7.3,0.4,NotYet
69.0,2.0,6.6,7.3,0.6,NotYet
69.0,2.0,6.6,7.4,0.8,NotYet
69.0,2.0,6.6,7.4,1.0,NotYet
69.0,4.0,6.7,7.4,-1.0,NotYet
69.0,4.0,6.7,7.4,-0.8,NotYet
69.0,4.0,6.7,7.4,-0.6,NotYet
69.0,4.0,6.7,7.4,-0.4,NotYet
69.0,4.0,6.7,7.4,-0.2,NotYet
69.0,4.0,6.7,7.4,0.0,NotYet
69.0,4.0,6.7,7.4,0.2,NotYet
69.0,4.0,6.7,7.4,0.4,NotYet
69.0,4.0,6.7,7.4,0.6,NotYet
69.0,4.0,6.7,7.4,0.8,NotYet
69.0,4.0,6.7,7.4,1.0,NotYet
69.0,6.0,6.8,7.4,-1.0,NotYet
69.0,6.0,6.8,7.4,-0.8,NotYet
69.0,6.0,6.8,7.4,-0.6,NotYet
69.0,6.0,6.8,7.4,-0.4,NotYet
69.0,6.0,6.8,7.4,-0.2,NotYet
69.0,6.0,6.8,7.4,0.0,NotYet
69.0,6.0,6.8,7.4,0.2,NotYet
69.0,6.0,6.8,7.4,0.4,NotYet
69.0,6.0,6.8,7.4,0.6,NotYet
69.0,6.0,6.8,7.4,0.8,NotYet
69.0,6.0,6.8,7.4,1.0,NotYet
69.0,8.0,6.9,7.5,-1.0,NotYet
69.0,8.0,6.9,7.5,-0.8,NotYet
69.0,8.0,6.9,7.5,-0.6,NotYet
69.0,8.0,6.9,7.4,-0.4,NotYet
69.0,8.0,6.9,7.4,-0.2,NotYet
69.0,8.0,6.9,7.4,0.0,NotYet
69.0,8.0,6.9,7.4,0.2,NotYet
69.0,8.0,6.9,7.5,0.4,NotYet
69.0,8.0,6.9,7.5,0.6,NotYet
69.0,8.0,6.9,7.5,0.8,NotYet
69.0,8.0,6.9,7.5,1.0,NotYet
69.0,10.0,7.0,7.5,-1.0,NotYet
69.0,10.0,7.0,7.5,-0.8,NotYet
69.0,10.0,7.0,7.5,-0.6,NotYet
69.0,10.0,7.0,7.5,-0.4,NotYet
69.0,10.0,7.0,7.5,-0.2,NotYet
69.0,10.0,7.0,7.5,0.0,NotYet
69.0,10.0,7.0,7.5,0.2,NotYet
69.0,10.0,7.0,7.5,0.4,NotYet
69.0,10.0,7.0,7.5,0.6,NotYet
69.0,10.0,7.0,7.5,0.8,NotYet
69.0,10.0,7.0,7.5,1.0,NotYet
70.0,-10.0,6.5,7.4,-1.0,NotYet
70.0,-10.0,6.5,7.4,-0.8,NotYet
70.0,-10.0,6.5,7.4,-0.6,NotYet
70.0,-10.0,6.5,7.4,-0.4,NotYet
70.0,-10.0,6.5,7.4,-0.2,NotYet
70.0,-10.0,6.5,7.4,0.0,NotYet
70.0,-10.0,6.5,7.4,0.2,NotYet
70.0,-10.0,6.5,7.4,0.4,NotYet
70.0,-10.0,6.5,7.4,0.6,NotYet
70.0,-10.0,6.5,7.4,0.8,NotYet
70.0,-10.0,6.5,7.4,1.0,NotYet
70.0,-8.0,6.4,7.4,-1.0,NotYet
70.0,-8.0,6.4,7.4,-0.8,NotYet
70.0,-8.0,6.4,7.4,-0.6,NotYet
70.0,-8.0,6.4,7.4,-0.4,NotYet
70.0,-8.0,6.4,7.4,-0.2,NotYet
70.0,-8.0,6.4,7.4,0.0,NotYet
70.0,-8.0,6.4,7.4,0.2,NotYet
70.0,-8.0,6.4,7.4,0.4,NotYet
70.0,-8.0,6.4,7.3,0.6,NotYet
70.0,-8.0,6.4,7.3,0.8,NotYet
70.0,-8.0,6.4,7.3,1.0,NotYet
70.0,-6.0,6.4,7.3,-1.0,NotYet
70.0,-6.0,6.4,7.3,-0.8,NotYet
70.0,-6.0,6.4,7.3,-0.6,NotYet
70.0,-6.0,6.4,7.3,-0.4,NotYet
70.0,-6.0,6.4,7.3,-0.2,NotYet
70.0,-6.0,6.4,7.3,0.0,NotYet
70.0,-6.0,6.4,7.3,0.2,NotYet
70.0,-6.0,6.4,7.3,0.4,NotYet
70.0,-6.0,6.4,7.3,0.6,NotYet
70.0,-6.0,6.4,7.3,0.8,NotYet
70.0,-6.0,6.4,7.3,1.0,NotYet
70.0,-4.0,6.4,7.3,-1.0,NotYet
70.0,-4.0,6.4,7.3,-0.8,NotYet
70.0,-4.0,6.4,7.3,-0.6,NotYet
70.0,-4.0,6.4,7.3,-0.4,NotYet
70.0,-4.0,6.4,7.3,-0.2,NotYet
70.0,-4.0,6.4,7.3,0.0,NotYet
70.0,-4.0,6.4,7.3,0.2,NotYet
70.0,-4.0,6.4,7.3,0.4,NotYet
70.0,-4.0,6.4,7.3,0.6,NotYet
70.0,-4.0,6.4,7.3,0.8,NotYet
70.0,-4.0,6.4,7.3,1.0,NotYet
70.0,-2.0,6.4,7.3,-1.0,NotYet
70.0,-2.0,6.4,7.3,-0.8,NotYet
70.0,-2.0,6.4,7.3,-0.6,NotYet
70.0,-2.0,6.4,7.3,-0.4,NotYet
70.0,-2.0,6.4,7.3,-0.2,NotYet
70.0,-2.0,6.4,7.3,0.0,NotYet
70.0,-2.0,6.4,7.3,0.2,NotYet
70.0,-2.0,6.4,7.3,0.4,NotYet
70.0,-2.0,6.4,7.3,0.6,NotYet
70.0,-2.0,6.4,7.3,0.8,NotYet
70.0,-2.0,6.5,7.3,1.0,NotYet
70.0,0.0,6.5,7.3,-1.0,NotYet
70.0,0.0,6.5,7.3,-0.8,NotYet
70.0,0.0,6.5,7.3,-0.6,NotYet
70.0,0.0,6.5,7.3,-0.4,NotYet
70.0,0.0,6.5,7.3,-0.2,NotYet
70.0,0.0,6.5,7.3,0.0,NotYet
70.0,0.0,6.5,7.3,0.2,NotYet
70.0,0.0,6.5,7.3,0.4,NotYet
70.0,0.0,6.5,7.3,0.6,NotYet
70.0,0.0,6.5,7.3,0.8,NotYet
70.0,0.0,6.5,7.3,1.0,NotYet
70.0,2.0,6.7,7.3,-1.0,NotYet
70.0,2.0,6.7,7.3,-0.8,NotYet
70.0,2.0,6.7,7.3,-0.6,NotYet
70.0,2.0,6.7,7.3,-0.4,NotYet
70.0,2.0,6.6,7.3,-0.2,NotYet
70.0,2.0,6.6,7.3,0.0,NotYet
70.0,2.0,6.6,7.3,0.2,NotYet
70.0,2.0,6.7,7.3,0.4,NotYet
70.0,2.0,6.7,7.3,0.6,NotYet
70.0,2.0,6.7,7.3,0.8,NotYet
70.0,2.0,6.7,7.3,1.0,NotYet
70.0,4.0,6.8,7.3,-1.0,NotYet
70.0,4.0,6.8,7.3,-0.8,NotYet
70.0,4.0,6.8,7.3,-0.6,NotYet
70.0,4.0,6.8,7.3,-0.4,NotYet
70.0,4.0,6.8,7.3,-0.2,NotYet
70.0,4.0,6.8,7.3,0.0,NotYet
70.0,4.0,6.8,7.3,0.2,NotYet
70.0,4.0,6.8,7.3,0.4,NotYet
70.0,4.0,6.8,7.3,0.6,NotYet
70.0,4.0,6.8,7.3,0.8,NotYet
70.0,4.0,6.8,7.3,1.0,NotYet
70.0,6.0,6.9,7.3,-1.0,NotYet
70.0,6.0,6.9,7.3,-0.8,NotYet
70.0,6.0,6.9,7.3,-0.6,NotYet
70.0,6.0,6.9,7.3,-0.4,NotYet
70.0,6.0,6.9,7.3,-0.2,NotYet
70.0,6.0,6.9,7.3,0.0,NotYet
70.0,6.0,6.9,7.3,0.2,NotYet
70.0,6.0,6.9,7.3,0.4,NotYet
70.0,6.0,6.9,7.3,0.6,NotYet
70.0,6.0,6.9,7.3,0.8,NotYet
70.0,6.0,6.9,7.3,1.0,NotYet
70.0,8.0,7.0,7.4,-1.0,NotYet
70.0,8.0,7.0,7.4,-0.8,NotYet
70.0,8.0,7.0,7.4,-0.6,NotYet
70.0,8.0,7.0,7.4,-0.4,NotYet
70.0,8.0,7.0,7.3,-0.2,NotYet
70.0,8.0,7.0,7.3,0.0,NotYet
70.0,8.0,7.0,7.3,0.2,NotYet
70.0,8.0,7.0,7.4,0.4,NotYet
70.0,8.0,7.0,7.4,0.6,NotYet
70.0,8.0,7.0,7.4,0.8,NotYet
70.0,8.0,7.0,7.4,1.0,NotYet
70.0,10.0,7.0,7.5,-1.0,NotYet
70.0,10.0,7.0,7.5,-0.8,NotYet
70.0,10.0,7.1,7.4,-0.6,NotYet
70.0,10.0,7.1,7.4,-0.4,NotYet
70.0,10.0,7.1,7.4,-0.2,NotYet
70.0,10.0,7.1,7.4,0.0,NotYet
70.0,10.0,7.1,7.4,0.2,NotYet
70.0,10.0,7.1,7.4,0.4,NotYet
70.0,10.0,7.0,7.5,0.6,NotYet
70.0,10.0,7.0,7.5,0.8,NotYet
70.0,10.0,7.0,7.5,1.0,NotYet
